reporting_area,mmwr_week,west_nile_virus_disease_neuroinvasive_cum_2017,west_nile_virus_disease_neuroinvasive_cum_2018,west_nile_virus_disease_neuroinvasive_current_week,west_nile_virus_disease_neuroinvasive_previous_52_weeks_max,west_nile_virus_disease_neuroinvasive_previous_52_weeks_med,west_nile_virus_disease_nonneuroinvasive_cum_2017,west_nile_virus_disease_nonneuroinvasive_cum_2018,west_nile_virus_disease_nonneuroinvasive_current_week,west_nile_virus_disease_nonneuroinvasive_previous_52_weeks_max,west_nile_virus_disease_nonneuroinvasive_previous_52_weeks_med,zika_virus_disease_non_congenital_cum_2017,zika_virus_disease_non_congenital_cum_2018,zika_virus_disease_non_congenital_previous_52_weeks_max,zika_virus_disease_non_congenital_previous_52_weeks_med,vibriosis_any_species_of_the_family_vibrionaceae_other_than_toxigenic_vibrio_cholerae_o1_or_o139_confirmed_cum_2017,vibriosis_any_species_of_the_family_vibrionaceae_other_than_toxigenic_vibrio_cholerae_o1_or_o139_confirmed_cum_2018,vibriosis_any_species_of_the_family_vibrionaceae_other_than_toxigenic_vibrio_cholerae_o1_or_o139_confirmed_current_week,vibriosis_any_species_of_the_family_vibrionaceae_other_than_toxigenic_vibrio_cholerae_o1_or_o139_confirmed_previous_52_weeks_max,vibriosis_any_species_of_the_family_vibrionaceae_other_than_toxigenic_vibrio_cholerae_o1_or_o139_confirmed_previous_52_weeks_med,vibriosis_any_species_of_the_family_vibrionaceae_other_than_toxigenic_vibrio_cholerae_o1_or_o139_probable_cum_2017,vibriosis_any_species_of_the_family_vibrionaceae_other_than_toxigenic_vibrio_cholerae_o1_or_o139_probable_cum_2018,vibriosis_any_species_of_the_family_vibrionaceae_other_than_toxigenic_vibrio_cholerae_o1_or_o139_probable_current_week,vibriosis_any_species_of_the_family_vibrionaceae_other_than_toxigenic_vibrio_cholerae_o1_or_o139_probable_previous_52_weeks_max,vibriosis_any_species_of_the_family_vibrionaceae_other_than_toxigenic_vibrio_cholerae_o1_or_o139_probable_previous_52_weeks_med,tetanus_cum_2017,tetanus_cum_2018,tetanus_current_week,tetanus_previous_52_weeks_max,tetanus_previous_52_weeks_med,varicella_cum_2017,varicella_cum_2018,varicella_current_week,varicella_previous_52_weeks_max,varicella_previous_52_weeks_med,salmonellosis_excluding_paratyphoid_fever_andtyphoid_fever_cum_2018,salmonellosis_excluding_paratyphoid_fever_andtyphoid_fever_current_week,salmonellosis_excluding_paratyphoid_fever_andtyphoid_fever_previous_52_weeks_max,salmonellosis_excluding_paratyphoid_fever_andtyphoid_fever_previous_52_weeks_med,shiga_toxin_producing_escherichia_coli_cum_2017,shiga_toxin_producing_escherichia_coli_cum_2018,shiga_toxin_producing_escherichia_coli_current_week,shiga_toxin_producing_escherichia_coli_previous_52_weeks_max,shiga_toxin_producing_escherichia_coli_previous_52_weeks_med,shigellosis_cum_2017,shigellosis_cum_2018,shigellosis_current_week,shigellosis_previous_52_weeks_max,shigellosis_previous_52_weeks_med,meningococcal_disease_all_serogroups_cum_2017,meningococcal_disease_all_serogroups_cum_2018,meningococcal_disease_all_serogroups_current_week,meningococcal_disease_all_serogroups_previous_52_weeks_max,meningococcal_disease_all_serogroups_previous_52_weeks_med,mumps_cum_2017,mumps_cum_2018,mumps_current_week,mumps_previous_52_weeks_max,mumps_previous_52_weeks_med,pertussis_cum_2017,pertussis_cum_2018,pertussis_current_week,pertussis_previous_52_weeks_max,pertussis_previous_52_weeks_med,legionellosis_cum_2017,legionellosis_cum_2018,legionellosis_current_week,legionellosis_previous_52_weeks_max,legionellosis_previous_52_weeks_med,malaria_cum_2017,malaria_cum_2018,malaria_current_week,malaria_previous_52_weeks_max,malaria_previous_52_weeks_med,invasive_pneumococcal_disease_all_ages_confirmed_cum_2017,invasive_pneumococcal_disease_all_ages_confirmed_cum_2018,invasive_pneumococcal_disease_all_ages_confirmed_current_week,invasive_pneumococcal_disease_all_ages_confirmed_previous_52_weeks_max,invasive_pneumococcal_disease_all_ages_confirmed_previous_52_weeks_med,invasive_pneumococcal_disease_all_ages_probable_cum_2017,invasive_pneumococcal_disease_all_ages_probable_cum_2018,invasive_pneumococcal_disease_all_ages_probable_current_week,invasive_pneumococcal_disease_all_ages_probable_previous_52_weeks_max,invasive_pneumococcal_disease_all_ages_probable_previous_52_weeks_med,hepatitis_viral_acute_by_type_a_cum_2017,hepatitis_viral_acute_by_type_a_cum_2018,hepatitis_viral_acute_by_type_a_current_week,hepatitis_viral_acute_by_type_a_previous_52_weeks_max,hepatitis_viral_acute_by_type_a_previous_52_weeks_med,hepatitis_viral_acute_by_type_b_cum_2017,hepatitis_viral_acute_by_type_b_cum_2018,hepatitis_viral_acute_by_type_b_current_week,hepatitis_viral_acute_by_type_b_previous_52_weeks_max,hepatitis_viral_acute_by_type_b_previous_52_weeks_med,giardiasis_cum_2017,giardiasis_cum_2018,giardiasis_current_week,giardiasis_previous_52_weeks_max,giardiasis_previous_52_weeks_med,gonorrhea_cum_2017,gonorrhea_cum_2018,gonorrhea_current_week,gonorrhea_previous_52_weeks_max,gonorrhea_previous_52_weeks_med,haemophilus_influenzae_invasive_disease_all_ages_all_serotypes_all_serotypes_cum_2018,haemophilus_influenzae_invasive_disease_all_ages_all_serotypes_cum_2017,haemophilus_influenzae_invasive_disease_all_ages_all_serotypes_current_week,haemophilus_influenzae_invasive_disease_all_ages_all_serotypes_previous_52_weeks_max,haemophilus_influenzae_invasive_disease_all_ages_all_serotypes_previous_52_weeks_med,chlamydia_trachomatis_infection_cum_2017,chlamydia_trachomatis_infection_cum_2018,chlamydia_trachomatis_infection_current_week,chlamydia_trachomatis_infection_previous_52_weeks_max,chlamydia_trachomatis_infection_previous_52_weeks_med,coccidioidomycosis_cum_2017,coccidioidomycosis_cum_2018,coccidioidomycosis_current_week,coccidioidomycosis_previous_52_weeks_max,coccidioidomycosis_previous_52_weeks_med
ILLINOIS,1,,,,12,0,,,,6,0,,,3,0,,,,4,0,,,,4,0,,,,0,0,6,,,13,5,,,0,0,1.0,,,9,3,4,,,14,6,,,,2,0,3.0,,,22,3,11,,,42,11,5.0,,,25,3,2,,,4,1,,,,0,0,,,,0,0,1.0,,,3,1,,,,2,0,,,,0,0,412,,,461,292,,5,,11,4,1224,,,1591,1048,,,,0,0
ILLINOIS,2,,,,12,0,,,,6,0,,,3,0,,,,4,0,1.0,,,4,0,,,,0,0,7,,,13,5,,,0,0,4.0,,,11,3,10,,,15,6,,,,2,0,5.0,,,22,3,27,,,42,11,6.0,,,25,5,2,,,4,1,,,,0,0,,,,0,0,3.0,,,3,1,1.0,,,2,0,,,,0,0,868,,,464,305,,10,,11,4,2704,,,1596,1071,,,,0,0
ILLINOIS,3,,,,12,0,,,,6,0,,,3,0,,,,4,0,1.0,,,4,0,,,,0,0,13,,,13,5,,,0,0,4.0,,,11,3,12,,,15,6,,,,2,0,8.0,,,22,3,42,,,43,11,13.0,,,25,5,3,,,4,1,,,,0,0,,,,0,0,5.0,,,3,1,1.0,,,2,0,,,,0,0,1305,268.0,17.0,466,315,,14,,11,4,4045,814.0,44.0,1598,1069,,,,0,0
ILLINOIS,4,,,,12,0,,,,6,0,,,3,0,,,,4,0,1.0,,,4,0,,,,0,0,9,,,12,2,,,0,0,5.0,,,11,3,19,,,15,6,,,,2,0,10.0,,,22,3,60,1.0,,43,11,14.0,,,25,5,6,,,4,1,,,,0,0,,,,0,0,6.0,,,4,1,1.0,,,2,0,,,,0,0,1767,444.0,28.0,467,318,1.0,19,,11,4,5636,1360.0,75.0,1599,1071,,,,0,0
ILLINOIS,5,,,,12,0,,,,6,0,,,3,0,,1.0,,4,0,2.0,,,4,0,,,,0,0,11,8.0,1.0,12,3,,,0,0,9.0,2.0,,11,3,26,2.0,,15,6,,,,2,0,15.0,,,22,3,71,1.0,,43,10,20.0,3.0,,27,5,6,,,4,1,,,,0,0,,,,0,0,7.0,3.0,,4,1,2.0,1.0,,2,0,,,,0,0,2217,444.0,,451,318,1.0,28,,11,4,7095,1360.0,,1461,1061,,,,0,0
ILLINOIS,6,,,,12,0,,,,6,0,,,3,0,,1.0,,4,0,2.0,,,4,0,,,,0,0,12,8.0,,12,3,,,0,0,12.0,2.0,,11,3,36,2.0,,15,6,,,,2,0,25.0,,,22,3,83,1.0,,43,10,22.0,3.0,,27,4,7,,,4,1,,,,0,0,,,,0,0,9.0,4.0,,5,1,3.0,1.0,,2,0,,,,0,0,2623,680.0,22.0,422,334,1.0,33,,11,4,8571,2189.0,59.0,1425,1108,,,,0,0
ILLINOIS,7,,,,12,0,,,,6,0,,,3,0,1.0,1.0,,4,0,2.0,,,4,0,,,,0,0,16,14.0,2.0,12,3,,,0,0,14.0,4.0,,11,3,44,13.0,,15,6,,,,2,0,33.0,,,22,3,90,1.0,,43,10,24.0,9.0,,27,5,8,2.0,,4,1,,,,0,0,,,,0,0,12.0,5.0,,5,1,3.0,1.0,,2,0,,,,0,0,3013,907.0,29.0,464,357,1.0,37,,11,4,9901,2886.0,64.0,1415,1171,,,,0,0
ILLINOIS,8,,,,12,0,,,,6,0,,,3,0,1.0,1.0,,4,0,3.0,,,4,0,,,,0,0,17,15.0,,12,3,,,0,0,16.0,4.0,,11,3,48,13.0,,15,6,,,,2,0,51.0,,,22,3,94,1.0,,43,10,27.0,9.0,,27,5,9,2.0,,4,1,,,,0,0,,,,0,0,14.0,5.0,,5,1,4.0,2.0,,2,0,,,,0,0,3404,1097.0,17.0,480,389,1.0,40,,11,4,11204,3686.0,62.0,1504,1289,,,,0,0
ILLINOIS,9,,,,12,0,,,,6,0,,,3,0,1.0,1.0,,4,0,3.0,,,4,0,,,,0,0,19,15.0,,12,3,,,0,0,16.0,4.0,,11,3,52,13.0,,15,6,,,,2,0,57.0,,,22,2,107,1.0,,43,10,29.0,9.0,,27,5,9,2.0,,4,1,,,,0,0,,,,0,0,16.0,6.0,,5,1,5.0,2.0,,2,0,,,,0,0,3827,1353.0,23.0,541,416,1.0,43,,11,4,12589,4686.0,84.0,1622,1365,,,,0,0
ILLINOIS,10,,,,12,0,,,,6,0,,,3,0,1.0,1.0,,4,0,3.0,,,3,0,,,,0,0,23,15.0,,12,3,,,0,0,17.0,9.0,,11,4,55,17.0,,15,6,,,,2,0,71.0,,,22,2,124,1.0,,43,10,32.0,16.0,,27,5,9,2.0,,4,1,,,,0,0,,,,0,0,16.0,7.0,,5,1,7.0,2.0,,2,0,,,,0,0,4216,1616.0,14.0,542,425,1.0,51,,11,4,13991,5654.0,66.0,1624,1378,,,,0,0
ILLINOIS,11,,,,12,0,,,,6,0,1.0,,3,0,1.0,1.0,,4,0,3.0,,,3,0,,,,0,0,26,28.0,1.0,12,3,,,0,0,19.0,11.0,,11,4,60,22.0,,15,6,,,,2,0,86.0,,,22,2,138,1.0,,43,10,33.0,18.0,,27,5,10,2.0,,4,1,,,,0,0,,,,0,0,18.0,7.0,,5,1,8.0,2.0,,2,0,,,,0,0,4614,1973.0,27.0,544,425,1.0,57,,11,3,15343,6882.0,73.0,1623,1365,,,,0,0
ILLINOIS,12,,,,12,0,,,,6,0,1.0,,3,0,1.0,1.0,,4,0,3.0,2.0,,3,0,,,,0,0,26,32.0,,12,3,,,0,0,20.0,15.0,,11,4,69,30.0,,15,6,,,,2,0,95.0,,,22,2,144,1.0,,43,9,33.0,21.0,,27,5,10,2.0,,4,1,,,,0,0,,,,0,0,19.0,7.0,,5,1,9.0,3.0,,2,0,,,,0,0,4992,2397.0,35.0,547,428,1.0,60,,11,3,16721,8454.0,107.0,1623,1369,,,,0,0
ILLINOIS,13,,,,12,0,,,,6,0,1.0,,3,0,1.0,1.0,,4,0,4.0,2.0,,3,0,,,,0,0,30,32.0,,12,3,,,0,0,25.0,16.0,,11,4,77,34.0,,15,6,,,,2,0,111.0,,,22,2,154,1.0,,43,9,36.0,21.0,,27,5,11,2.0,,4,1,,,,0,0,,,,0,0,22.0,7.0,,5,1,9.0,3.0,,2,0,,,,0,0,5367,2397.0,,547,428,1.0,62,,11,3,18028,8454.0,,1623,1358,,,,0,0
ILLINOIS,14,,,,13,0,,,,5,0,1.0,,3,0,1.0,2.0,,4,0,4.0,5.0,,3,0,,,,0,0,32,33.0,,12,3,,,0,0,30.0,20.0,,11,4,83,41.0,,15,6,1.0,1.0,,2,0,121.0,2.0,,22,2,161,2.0,,43,9,40.0,26.0,,27,5,12,2.0,,4,1,,,,0,0,,,,0,0,22.0,7.0,,5,1,10.0,3.0,,2,0,,,,0,0,5747,2918.0,21.0,547,428,5.0,64,,11,3,19365,9915.0,74.0,1623,1358,,,,0,0
ILLINOIS,15,,,,13,0,,,,5,0,1.0,,3,0,1.0,2.0,,4,0,5.0,5.0,,3,0,,,,0,0,36,36.0,,12,3,,,0,0,34.0,23.0,,11,4,90,58.0,,15,6,1.0,1.0,,2,0,130.0,2.0,,22,1,172,2.0,,43,9,44.0,29.0,,27,5,14,2.0,,4,1,,,,0,0,,,,0,0,22.0,7.0,,5,1,10.0,3.0,,2,0,,,,0,0,6107,2918.0,,547,428,5.0,71,,11,3,20581,9915.0,,1623,1358,,,,0,0
ILLINOIS,16,,,,13,0,,,,5,0,1.0,,3,0,2.0,2.0,,4,0,6.0,5.0,,3,0,,,,0,0,41,38.0,,12,3,,,0,0,37.0,28.0,,11,4,95,64.0,,15,6,1.0,1.0,,2,0,152.0,14.0,,22,2,194,7.0,,43,9,46.0,29.0,,27,5,15,2.0,,4,1,,,,0,0,,,,0,0,23.0,7.0,,5,1,10.0,4.0,,2,0,,,,0,0,6911,3256.0,29.0,557,456,13.0,75,,11,3,23278,11139.0,58.0,1641,1430,,,,0,0
ILLINOIS,17,,,,13,0,,,,5,0,1.0,,3,0,3.0,2.0,,4,0,8.0,5.0,,3,0,,,,0,0,44,40.0,,12,2,,,0,0,38.0,38.0,,11,4,100,67.0,,15,6,3.0,1.0,,2,0,165.0,63.0,,14,3,201,60.0,,46,9,52.0,33.0,,27,5,15,2.0,,5,1,,,,0,0,,,,0,0,24.0,11.0,,5,1,11.0,4.0,,2,0,,,,0,0,7354,3569.0,26.0,557,456,55.0,78,,11,4,24805,12237.0,85.0,1641,1424,,,,0,0
ILLINOIS,18,,,,13,0,,,,5,0,1.0,1.0,3,0,3.0,2.0,,4,0,8.0,6.0,,3,0,,,,0,0,53,46.0,,12,2,,,0,0,43.0,41.0,,11,4,106,69.0,,15,6,3.0,1.0,,1,0,169.0,65.0,,14,3,216,66.0,,46,9,59.0,36.0,,27,5,17,2.0,,5,1,,,,0,0,,,,0,0,24.0,11.0,,5,1,12.0,4.0,,2,0,,,,0,0,7774,3994.0,24.0,557,456,61.0,82,,11,4,26240,13532.0,68.0,1641,1410,,,,0,0
ILLINOIS,19,,,,13,0,,,,5,0,1.0,1.0,3,0,5.0,2.0,,4,0,8.0,6.0,,3,0,,,,0,0,59,46.0,,12,2,,,0,0,48.0,46.0,,11,4,112,80.0,,15,6,4.0,1.0,,1,0,183.0,72.0,,14,3,223,73.0,,46,9,64.0,36.0,,27,4,18,2.0,,5,1,,,,0,0,,,,0,0,24.0,11.0,,5,1,13.0,5.0,,2,0,,,,0,0,8177,4321.0,18.0,557,456,67.0,84,,11,4,27694,14698.0,48.0,1641,1403,,,,0,0
ILLINOIS,20,,,,13,0,,,,5,0,1.0,1.0,3,0,5.0,2.0,,4,0,8.0,6.0,,3,0,,,,0,0,65,48.0,,12,2,,,0,0,53.0,52.0,,11,4,120,90.0,,15,6,4.0,1.0,,1,0,187.0,83.0,,12,3,233,80.0,,46,9,68.0,40.0,,27,4,18,2.0,,5,1,,,,0,0,,,,0,0,24.0,12.0,,5,1,13.0,7.0,,2,0,,,,0,0,8638,4678.0,20.0,557,456,73.0,88,,11,4,29168,15793.0,45.0,1641,1381,,,,0,0
ILLINOIS,21,,,,13,0,,,,5,0,2.0,1.0,3,0,5.0,2.0,,4,0,8.0,7.0,,3,0,,,,0,0,68,55.0,,12,2,,,0,0,56.0,54.0,,11,4,127,96.0,,15,6,5.0,1.0,,1,0,199.0,83.0,,12,3,239,80.0,,46,9,74.0,44.0,,27,4,20,2.0,,5,1,,,,0,0,,,,0,0,25.0,12.0,,5,1,14.0,7.0,,2,0,,,,0,0,9082,4678.0,,557,447,73.0,91,,11,4,30725,15793.0,,1641,1355,,,,0,0
ILLINOIS,22,,,,13,0,,,,5,0,2.0,1.0,3,0,5.0,2.0,,4,0,10.0,7.0,,3,0,,,,0,0,169,152.0,,20,7,,,0,0,60.0,58.0,,11,4,134,101.0,,15,6,5.0,2.0,,1,0,210.0,128.0,,30,3,256,89.0,,46,9,81.0,44.0,,27,4,21,2.0,,5,1,,,,0,0,,,,0,0,26.0,14.0,,5,1,14.0,7.0,,2,0,,,,0,0,9469,4944.0,14.0,557,438,88.0,96,,11,4,31929,16765.0,35.0,1641,1343,,,,0,0
ILLINOIS,22,,,,13,0,,,,5,0,2.0,1.0,3,0,5.0,2.0,,4,0,10.0,7.0,,3,0,,,,0,0,169,152.0,,20,7,,,0,0,60.0,58.0,,11,4,134,101.0,,15,6,5.0,2.0,,1,0,210.0,128.0,,30,3,256,89.0,,46,9,81.0,44.0,,27,4,21,2.0,,5,1,17.0,5.0,,3,0,1.0,,,1,0,26.0,14.0,,5,1,14.0,7.0,,2,0,,,,0,0,9469,4944.0,14.0,557,438,88.0,96,,11,4,31929,16765.0,35.0,1641,1343,,,,0,0
ILLINOIS,23,,,,13,0,,,,5,0,2.0,1.0,3,0,5.0,3.0,,4,0,10.0,9.0,,3,0,,,,0,0,174,155.0,2.0,20,7,,,0,0,69.0,61.0,,11,4,140,101.0,,15,6,6.0,2.0,,1,0,213.0,142.0,,32,3,268,91.0,,46,9,87.0,51.0,,27,4,22,9.0,,5,1,,,,0,0,,,,0,0,26.0,15.0,,5,1,14.0,7.0,,2,0,,,,0,0,9949,5296.0,15.0,557,438,94.0,101,,11,4,33441,17953.0,54.0,1641,1343,,,,0,0
ILLINOIS,24,1.0,,,13,0,,,,5,0,2.0,1.0,3,0,5.0,3.0,,4,0,11.0,9.0,,3,0,,,,0,0,177,155.0,,20,7,,,0,0,76.0,61.0,,11,4,144,108.0,,15,6,6.0,3.0,,1,0,222.0,145.0,,32,3,276,99.0,,46,8,90.0,57.0,,27,4,27,9.0,,5,1,,,,0,0,,,,0,0,27.0,21.0,,5,1,15.0,8.0,,2,0,,,,0,0,10399,5618.0,23.0,557,421,100.0,105,,11,4,34805,18947.0,67.0,1641,1295,,,,0,0
ILLINOIS,25,1.0,,,13,0,,,,5,0,2.0,1.0,3,0,6.0,4.0,,4,0,12.0,9.0,,3,0,,,,0,0,179,154.0,,20,7,,,0,0,82.0,69.0,,11,4,149,111.0,,15,6,6.0,3.0,,1,0,230.0,150.0,,32,3,285,112.0,,46,8,99.0,60.0,,27,4,28,15.0,,4,1,,,,0,0,,,,0,0,28.0,21.0,,5,1,15.0,8.0,,2,0,,,,0,0,10878,5909.0,21.0,557,407,104.0,114,,11,4,36304,20227.0,65.0,1641,1259,,,,0,0
ILLINOIS,26,1.0,,,13,0,,,,5,0,2.0,1.0,3,0,6.0,4.0,,4,0,12.0,9.0,,3,0,,,,0,0,184,165.0,,20,7,,,0,0,88.0,73.0,,11,3,155,120.0,,15,6,6.0,3.0,,1,0,233.0,153.0,,32,3,296,115.0,,46,7,126.0,72.0,,27,4,29,15.0,,4,1,,,,0,0,,,,0,0,31.0,27.0,,5,1,15.0,7.0,,2,0,,,,0,0,11303,5909.0,,557,391,113.0,125,,11,4,37739,20227.0,,1641,1236,,,,0,0
ILLINOIS,27,1.0,,,13,0,,,,5,0,2.0,1.0,3,0,7.0,4.0,,4,0,13.0,10.0,,3,0,,,,0,0,185,176.0,1.0,20,7,,,0,0,93.0,80.0,,11,3,159,125.0,,15,6,6.0,3.0,,1,0,234.0,153.0,,32,2,305,116.0,,46,7,148.0,72.0,,22,4,30,15.0,,4,1,,,,0,0,,,,0,0,33.0,27.0,,5,1,15.0,7.0,,2,0,,,,0,0,11699,7751.0,12.0,557,429,119.0,130,,11,4,38957,26998.0,40.0,1641,1362,,,,0,0
ILLINOIS,28,2.0,,,13,0,1.0,,,5,0,2.0,1.0,3,0,10.0,4.0,,4,0,13.0,10.0,,3,0,,,,0,0,193,185.0,3.0,20,8,,,0,0,97.0,83.0,,11,3,165,135.0,,15,6,6.0,3.0,,1,0,236.0,155.0,,32,2,311,120.0,,46,7,160.0,109.0,,19,4,34,15.0,,4,1,,,,0,0,,,,0,0,34.0,27.0,,5,1,15.0,7.0,,2,0,,,,0,0,12192,8123.0,25.0,557,432,121.0,132,,11,4,40499,28167.0,54.0,1641,1367,,,,0,0
ILLINOIS,29,2.0,,,13,0,2.0,2.0,,5,0,5.0,1.0,3,0,11.0,4.0,,4,0,16.0,10.0,,3,0,,,,0,0,199,190.0,1.0,20,7,,,0,0,105.0,83.0,,11,3,169,141.0,,15,6,6.0,3.0,,1,0,237.0,163.0,,32,3,322,122.0,,46,7,179.0,117.0,,19,4,37,17.0,,3,1,,,,0,0,,,,0,0,35.0,28.0,,6,1,15.0,8.0,,2,0,,,,0,0,12684,8421.0,32.0,557,412,127.0,138,,11,4,42013,29171.0,55.0,1641,1343,,,,0,0
ILLINOIS,30,4.0,,,13,0,3.0,2.0,,5,0,6.0,1.0,1,0,12.0,4.0,,4,0,16.0,10.0,,3,0,,,,0,0,201,196.0,1.0,20,7,,,0,0,116.0,96.0,,11,3,182,141.0,,15,6,6.0,3.0,,1,0,238.0,168.0,,32,3,336,127.0,,46,7,188.0,147.0,,22,5,38,17.0,,3,1,,,,0,0,,,,0,0,36.0,28.0,,6,1,15.0,8.0,,2,0,,,,0,0,13206,8421.0,,557,406,130.0,138,,11,4,43643,29171.0,,1641,1340,,,,0,0
ILLINOIS,31,11.0,,,13,0,3.0,3.0,,5,0,6.0,1.0,1,0,13.0,6.0,,4,0,17.0,10.0,,3,0,,,,0,0,204,196.0,,20,7,,,0,0,123.0,104.0,,11,4,186,163.0,,15,6,6.0,3.0,,1,0,240.0,176.0,,32,3,343,132.0,,46,7,196.0,161.0,,24,5,40,18.0,,4,1,,,,0,0,,,,0,0,38.0,31.0,,6,1,15.0,9.0,,2,0,,,,0,0,13693,9138.0,25.0,557,405,136.0,143,,11,4,45245,31412.0,65.0,1641,1336,,,,0,0
ILLINOIS,32,18.0,,,13,0,4.0,3.0,,5,0,6.0,1.0,1,0,15.0,7.0,,4,0,20.0,11.0,,3,0,,,,0,0,211,200.0,1.0,20,7,,,0,0,134.0,108.0,,11,3,189,169.0,,15,6,6.0,3.0,,1,0,240.0,176.0,,32,3,354,132.0,,46,6,204.0,168.0,,25,4,42,18.0,,4,1,,,,0,0,,,,0,0,40.0,31.0,,6,1,17.0,9.0,,2,0,,,,0,0,14158,9138.0,,557,388,136.0,143,,11,4,46846,31412.0,,1641,1325,,,,0,0
ILLINOIS,33,23.0,,,13,0,7.0,3.0,,5,0,6.0,1.0,1,0,17.0,10.0,,4,0,20.0,12.0,,2,0,,,,0,0,217,203.0,,20,7,,,0,0,138.0,116.0,,10,3,195,174.0,,15,6,6.0,3.0,,1,0,241.0,196.0,,32,3,363,154.0,,46,7,212.0,191.0,,26,5,42,25.0,,4,1,,,,0,0,,,,0,0,42.0,32.0,,6,1,18.0,9.0,,1,0,,,,0,0,14715,9646.0,,557,371,145.0,147,,11,4,48417,32919.0,,1641,1316,,,,0,0
ILLINOIS,34,34.0,7.0,,13,0,11.0,12.0,,5,0,6.0,1.0,1,0,21.0,15.0,,4,0,20.0,16.0,,3,0,,,,0,0,224,206.0,,20,7,,,0,0,146.0,118.0,,10,3,202,186.0,,15,7,6.0,3.0,,1,0,243.0,202.0,,32,4,377,165.0,,46,7,222.0,234.0,,33,5,43,25.0,,4,1,,,,0,0,,,,0,0,44.0,34.0,,6,1,19.0,10.0,,2,0,,,,0,0,15208,9646.0,,549,369,149.0,150,,11,4,49829,32919.0,,1641,1290,,,,0,0
ILLINOIS,34,34.0,7.0,,13,0,11.0,12.0,,5,0,6.0,1.0,1,0,21.0,15.0,,4,0,20.0,16.0,,3,0,,,,0,0,224,206.0,,20,7,,,0,0,146.0,118.0,,10,3,202,186.0,,15,7,6.0,3.0,,1,0,243.0,202.0,,32,4,377,165.0,,46,7,222.0,234.0,,33,5,43,25.0,,4,1,23.0,17.0,,4,0,1.0,2.0,,1,0,44.0,34.0,,6,1,19.0,10.0,,2,0,,,,0,0,15208,9646.0,,549,369,149.0,150,,11,4,49829,32919.0,,1641,1290,,,,0,0
ILLINOIS,35,47.0,10.0,,13,0,16.0,17.0,,6,0,6.0,1.0,1,0,22.0,15.0,,3,0,21.0,17.0,,3,0,,,,0,0,238,213.0,2.0,20,7,,,0,0,150.0,131.0,,10,3,212,188.0,,15,6,6.0,4.0,,1,0,247.0,209.0,,32,4,386,173.0,,46,6,231.0,254.0,,34,5,43,25.0,,4,1,,,,0,0,,,,0,0,45.0,37.0,,6,1,20.0,10.0,,2,0,,,,0,0,15699,10109.0,21.0,549,370,153.0,155,,11,4,51306,34612.0,54.0,1641,1281,,,,0,0
ILLINOIS,36,50.0,30.0,,10,0,17.0,17.0,,7,0,6.0,2.0,1,0,22.0,16.0,,3,0,23.0,19.0,,3,0,,,,0,0,252,221.0,1.0,20,7,,,0,0,158.0,135.0,,10,3,225,200.0,,15,6,6.0,4.0,,1,0,249.0,209.0,,32,3,398,173.0,,46,6,237.0,257.0,,34,4,44,28.0,,4,1,,,,0,0,,,,0,0,48.0,37.0,,6,1,21.0,10.0,,2,0,,,,0,0,16191,10109.0,,549,363,153.0,161,,11,4,52646,34612.0,,1641,1241,,,,0,0
ILLINOIS,37,54.0,39.0,,11,0,17.0,20.0,,7,0,6.0,2.0,1,0,25.0,16.0,,3,0,24.0,19.0,,3,0,,,,0,0,258,233.0,,20,7,1283.0,,71,22,164.0,144.0,,10,4,231,204.0,,15,6,6.0,4.0,,1,0,249.0,220.0,,32,4,407,181.0,,46,6,241.0,266.0,,35,4,45,29.0,,4,1,,,,0,0,,,,0,0,49.0,38.0,,6,1,22.0,10.0,,2,0,,,,0,0,16663,11216.0,31.0,549,370,159.0,164,,11,4,54214,37962.0,74.0,1641,1246,,,,0,0
ILLINOIS,38,57.0,48.0,,12,0,18.0,26.0,,8,0,6.0,2.0,1,0,26.0,20.0,,4,0,24.0,25.0,,3,0,,,,0,0,264,238.0,,20,7,1337.0,,72,23,167.0,165.0,,14,4,245,214.0,,15,6,7.0,4.0,,1,0,253.0,221.0,,32,4,414,188.0,,46,6,248.0,280.0,,35,5,45,31.0,,4,1,,,,0,0,,,,0,0,54.0,44.0,,6,1,23.0,10.0,,2,0,,,,0,0,17149,11874.0,28.0,549,377,161.0,166,,11,4,55702,40076.0,73.0,1641,1252,,,,0,0
ILLINOIS,39,64.0,58.0,,12,0,18.0,27.0,,8,0,6.0,2.0,1,0,26.0,21.0,,4,0,24.0,28.0,,3,0,,,,0,0,270,254.0,2.0,20,8,1373.0,,72,24,171.0,172.0,,14,4,258,217.0,,15,6,7.0,4.0,,1,0,254.0,226.0,,32,4,425,195.0,,46,6,258.0,301.0,,35,5,45,33.0,,4,1,,,,0,0,,,,0,0,56.0,47.0,,6,1,23.0,10.0,,2,0,,,,0,0,17623,12465.0,34.0,549,375,167.0,171,,11,4,57239,41727.0,60.0,1641,1249,,,,0,0
ILLINOIS,40,69.0,65.0,,12,0,18.0,38.0,,9,0,6.0,2.0,1,0,26.0,21.0,,4,0,25.0,30.0,,3,0,,,,0,0,280,254.0,,20,8,1460.0,,72,25,179.0,174.0,,14,4,269,239.0,,15,6,7.0,4.0,,1,0,256.0,226.0,,32,4,435,195.0,,46,6,265.0,312.0,,35,5,47,33.0,,4,1,,,,0,0,,,,0,0,57.0,47.0,,6,1,23.0,10.0,,2,0,,,,0,0,18092,12465.0,,549,371,167.0,175,,11,4,58880,41727.0,,1641,1246,,,,0,0
ILLINOIS,41,69.0,72.0,,14,0,18.0,40.0,,10,0,6.0,2.0,1,0,26.0,22.0,,4,0,26.0,34.0,,4,0,,,,0,0,291,263.0,1.0,20,7,1509.0,,74,25,180.0,180.0,,14,3,284,244.0,,15,6,8.0,4.0,,1,0,256.0,230.0,,32,4,452,196.0,,46,6,274.0,340.0,,35,5,50,34.0,,4,1,,,,0,0,,,,0,0,57.0,48.0,,6,1,24.0,12.0,,2,0,,,,0,0,18600,14332.0,,549,419,170.0,175,,11,4,60225,46468.0,,1590,1345,,,,0,0
ILLINOIS,42,70.0,77.0,,16,0,18.0,42.0,,10,0,6.0,2.0,1,0,28.0,24.0,,4,0,26.0,34.0,,4,0,,,,0,0,301,268.0,,20,7,1579.0,,77,27,186.0,189.0,,14,3,289,257.0,,12,6,8.0,5.0,,1,0,259.0,232.0,,32,4,477,202.0,,46,6,287.0,352.0,,35,5,51,35.0,,4,1,,,,0,0,,,,0,0,57.0,50.0,,6,1,24.0,12.0,,2,0,,,,0,0,19064,14571.0,,549,414,178.0,180,,11,4,61781,47245.0,,1590,1340,,,,0,0
ILLINOIS,43,71.0,92.0,,20,0,18.0,43.0,,10,0,6.0,2.0,1,0,29.0,24.0,,4,0,26.0,36.0,,4,0,,,,0,0,317,275.0,2.0,20,7,1598.0,,78,27,189.0,195.0,,15,4,298,283.0,,12,7,8.0,5.0,,1,0,264.0,233.0,,32,4,495,207.0,,46,6,297.0,368.0,,35,5,53,37.0,,4,1,,,,0,0,,,,0,0,58.0,53.0,,6,1,24.0,13.0,,2,0,,,,0,0,19556,14966.0,,549,411,182.0,188,,11,4,63263,48405.0,,1591,1340,,,,0,0
ILLINOIS,44,71.0,92.0,,20,0,18.0,43.0,,10,0,7.0,2.0,1,0,29.0,27.0,,4,0,27.0,44.0,,4,1,,,,0,0,327,282.0,1.0,20,7,1643.0,,78,27,193.0,210.0,,16,4,309,298.0,,12,7,8.0,5.0,,1,0,265.0,248.0,,32,4,526,213.0,,46,5,301.0,382.0,,35,5,53,39.0,,4,1,,,,0,0,,,,0,0,60.0,55.0,,6,1,24.0,15.0,,2,0,,,,0,0,20037,15861.0,30.0,549,420,192.0,191,,11,4,64660,50691.0,59.0,1591,1338,,,,0,0
ILLINOIS,45,71.0,96.0,,20,0,18.0,45.0,,10,0,7.0,2.0,1,0,29.0,27.0,,4,0,27.0,46.0,,4,1,,,,0,0,340,291.0,1.0,20,7,1668.0,,78,28,194.0,216.0,,16,4,318,298.0,,12,7,8.0,5.0,,1,0,267.0,251.0,,32,4,572,221.0,,46,5,304.0,397.0,,38,5,54,39.0,,4,1,,,,0,0,,,,0,0,62.0,55.0,,6,1,24.0,16.0,,2,0,,,,0,0,20518,16181.0,27.0,549,415,195.0,194,,11,4,66142,51865.0,65.0,1592,1340,,,,0,0
ILLINOIS,46,71.0,97.0,,20,0,18.0,45.0,,10,0,7.0,2.0,1,0,29.0,27.0,,4,0,27.0,46.0,,4,1,,,,0,0,351,296.0,,20,7,1668.0,,78,28,196.0,216.0,,16,4,324,298.0,,12,7,8.0,5.0,,1,0,267.0,255.0,,32,4,591,232.0,,27,6,308.0,397.0,,38,5,55,39.0,,4,1,,,,0,0,,,,0,0,63.0,56.0,,6,1,24.0,16.0,,2,0,,,,0,0,21019,16622.0,34.0,549,411,196.0,196,,11,4,67630,53226.0,78.0,1592,1328,,,,0,0
ILLINOIS,47,71.0,98.0,,20,0,18.0,45.0,,10,0,7.0,2.0,1,0,29.0,28.0,,4,0,28.0,46.0,,4,1,,,,0,0,364,295.0,,20,7,1675.0,,78,28,202.0,218.0,,16,4,332,310.0,,14,7,9.0,5.0,,1,0,270.0,257.0,,32,4,613,237.0,,27,6,317.0,399.0,,38,5,55,39.0,,4,1,,,,0,0,,,,0,0,66.0,60.0,,6,1,25.0,19.0,,2,0,,,,0,0,21386,17072.0,7.0,549,413,201.0,200,,11,4,68667,54483.0,27.0,1602,1337,,,,0,0
ILLINOIS,48,72.0,100.0,,21,0,18.0,45.0,,10,0,7.0,3.0,1,0,30.0,29.0,,4,0,28.0,54.0,,4,1,,,,0,0,373,300.0,,20,7,1759.0,,79,28,205.0,222.0,,16,4,335,319.0,,15,7,10.0,5.0,,1,0,273.0,264.0,,32,4,640,254.0,,27,6,321.0,421.0,,46,5,56,39.0,,4,1,,,,0,0,,,,0,0,67.0,67.0,,6,1,25.0,20.0,,2,0,,,,0,0,21931,18048.0,22.0,549,414,203.0,207,,11,4,70241,57009.0,73.0,1603,1337,,,,0,0
ILLINOIS,49,72.0,100.0,,21,0,18.0,45.0,,10,0,7.0,3.0,1,0,30.0,29.0,,4,0,29.0,54.0,,4,1,,,,0,0,393,314.0,,20,6,1792.0,,79,28,207.0,223.0,,16,4,339,328.0,,15,7,10.0,5.0,,1,0,274.0,270.0,,32,5,662,276.0,,22,6,323.0,433.0,,47,5,57,42.0,,4,1,,,,0,0,,,,0,0,67.0,72.0,,6,1,25.0,20.0,,2,0,,,,0,0,22480,19109.0,24.0,549,436,211.0,211,,11,4,71798,59758.0,83.0,1603,1368,,,,0,0
ILLINOIS,50,72.0,100.0,,21,0,18.0,45.0,,10,0,7.0,3.0,1,0,30.0,29.0,,4,0,29.0,54.0,,4,1,,,,0,0,401,314.0,,14,6,1792.0,,79,28,209.0,223.0,,16,4,346,328.0,,15,7,10.0,5.0,,1,0,276.0,270.0,,32,5,669,276.0,,17,6,328.0,433.0,,47,5,59,42.0,,4,1,,,,0,0,,,,0,0,68.0,72.0,,6,1,25.0,20.0,,2,0,,,,0,0,23008,19109.0,,528,434,211.0,216,,11,4,73258,59758.0,,1603,1367,,,,0,0
ILLINOIS,51,72.0,100.0,,21,0,18.0,45.0,,10,0,7.0,3.0,1,0,30.0,31.0,,6,0,29.0,54.0,,4,1,,,,0,0,408,330.0,1.0,14,7,1853.0,,80,28,211.0,226.0,,16,4,352,342.0,,15,7,10.0,5.0,,1,0,277.0,275.0,,32,5,676,306.0,,17,6,332.0,440.0,,47,5,60,46.0,,4,1,,,,0,0,,,,0,0,71.0,83.0,,7,1,26.0,22.0,,2,0,,,,0,0,23487,19389.0,,527,433,218.0,217,,11,4,74666,60705.0,,1603,1368,,,,0,0
ILLINOIS,52,72.0,122.0,,27,0,18.0,50.0,,11,0,7.0,3.0,1,0,31.0,32.0,,6,0,29.0,54.0,,4,1,,,,0,0,412,338.0,,14,7,1862.0,,80,29,212.0,232.0,,16,4,361,342.0,,15,7,10.0,6.0,,1,0,281.0,276.0,,32,5,689,318.0,,17,6,332.0,443.0,,47,5,60,46.0,,4,1,,,,0,0,,,,0,0,73.0,85.0,,7,1,27.0,22.0,,2,0,,,,0,0,23859,19775.0,,527,434,221.0,226,,11,4,75518,61941.0,,1604,1369,,,,0,0
MICHIGAN,1,,,,8,0,,,,2,0,,,3,0,,,,1,0,,,,2,0,,,,1,0,6,1.0,1.0,22,9,,,0,0,1.0,,,7,3,9,,,31,9,,,,1,0,,,,2,0,13,,,21,12,,,,28,4,1,,,4,0,21.0,3.0,3.0,28,14,1.0,,,1,0,2.0,1.0,1.0,28,9,,,,4,1,11.0,2.0,2.0,31,10,270,19.0,19.0,352,274,1.0,7,1.0,9,3,834,104.0,104.0,1104,944,1.0,,,2,0
MICHIGAN,2,,,,8,0,,,,2,0,1.0,,3,0,,,,1,0,1.0,,,2,0,,,,1,0,27,1.0,,22,9,,,0,0,4.0,,,7,3,12,,,31,8,,,,1,0,,,,2,0,34,2.0,1.0,21,11,8.0,,,28,4,3,,,4,0,46.0,5.0,1.0,28,13,1.0,,,1,0,11.0,1.0,,28,9,4.0,,,4,1,20.0,2.0,,31,9,571,135.0,39.0,352,274,5.0,8,1.0,9,3,1938,545.0,228.0,1104,944,1.0,,,2,0
MICHIGAN,3,,,,8,0,,,,2,0,1.0,,3,0,,,,1,0,1.0,,,2,0,,,,1,0,35,1.0,,22,9,,,0,0,8.0,,,7,3,18,,,31,8,,,,1,0,,,,2,0,49,2.0,,21,10,11.0,,,28,4,3,,,4,0,71.0,10.0,1.0,28,13,1.0,1.0,,1,0,14.0,1.0,,28,9,6.0,,,4,1,26.0,2.0,,31,9,881,275.0,46.0,352,273,5.0,11,,9,3,3037,1074.0,216.0,1099,938,2.0,,,2,0
MICHIGAN,4,,,,8,0,,,,2,0,1.0,,3,0,,,,1,0,1.0,,,2,0,,,,1,0,45,5.0,,22,9,,,0,0,9.0,4.0,,7,3,31,1.0,,31,8,,,,1,0,1.0,1.0,,2,0,67,5.0,,21,11,14.0,2.0,,28,4,3,,,4,0,80.0,20.0,1.0,29,14,2.0,2.0,,2,0,19.0,22.0,1.0,28,10,10.0,3.0,,4,1,30.0,5.0,,31,9,1191,460.0,56.0,358,273,7.0,16,,9,3,4095,1878.0,290.0,1093,933,4.0,,,2,0
MICHIGAN,5,,,,8,0,,,,2,0,2.0,,3,0,,,,1,0,1.0,,,2,0,1.0,,,1,0,54,15.0,2.0,22,8,,,0,0,11.0,6.0,1.0,7,3,43,4.0,1.0,31,8,1.0,,,1,0,1.0,1.0,,2,0,76,15.0,,21,11,17.0,3.0,,28,4,5,1.0,,4,0,96.0,29.0,,29,14,2.0,4.0,,2,0,24.0,38.0,1.0,28,11,11.0,3.0,,4,1,41.0,15.0,2.0,31,9,1408,622.0,43.0,358,271,13.0,19,,9,3,4965,2501.0,190.0,1093,927,4.0,1.0,,2,0
MICHIGAN,6,,,,8,0,,,,2,0,3.0,,3,0,,,,1,0,1.0,,,2,0,1.0,,,1,0,62,21.0,3.0,22,8,,,0,0,13.0,6.0,,7,3,56,4.0,,31,7,1.0,,,1,0,1.0,1.0,,2,0,89,23.0,,21,11,19.0,3.0,,28,4,5,2.0,,4,0,122.0,50.0,,29,14,2.0,5.0,,2,0,29.0,38.0,,28,11,13.0,3.0,,4,1,49.0,15.0,,31,9,1668,814.0,38.0,358,271,15.0,22,1.0,9,3,5982,3089.0,201.0,1093,927,4.0,1.0,,2,0
MICHIGAN,7,,,,8,0,,,,2,0,3.0,,3,0,,,,1,0,1.0,,,2,0,1.0,,,1,0,65,31.0,5.0,22,8,,,0,0,14.0,8.0,,7,3,68,6.0,,31,6,1.0,,,1,0,2.0,3.0,,2,0,98,30.0,,23,11,22.0,7.0,,28,4,6,2.0,,4,0,145.0,66.0,3.0,35,14,2.0,5.0,,2,0,34.0,44.0,,26,11,13.0,3.0,,4,1,59.0,19.0,,33,9,1907,950.0,33.0,359,285,18.0,25,,9,3,7064,3633.0,169.0,1111,949,4.0,2.0,,2,0
MICHIGAN,8,,,,8,0,,,,2,0,3.0,,3,0,,1.0,,1,0,1.0,,,2,0,1.0,,,1,0,86,38.0,1.0,22,8,,,0,0,15.0,16.0,,7,3,83,8.0,,31,6,1.0,1.0,,1,0,4.0,3.0,,2,0,109,33.0,,23,11,27.0,14.0,,29,4,7,2.0,,4,0,172.0,78.0,2.0,35,14,2.0,5.0,,2,0,40.0,65.0,,28,11,13.0,4.0,,4,1,64.0,27.0,,33,9,2182,1121.0,26.0,359,285,20.0,29,,9,3,8049,4297.0,174.0,1111,940,5.0,2.0,,2,0
MICHIGAN,9,,,,8,0,,,,2,0,3.0,,3,0,,1.0,,1,0,1.0,,,2,0,1.0,,,1,0,104,43.0,1.0,23,8,,,0,0,17.0,19.0,,8,4,96,11.0,,31,6,1.0,1.0,,1,0,4.0,4.0,,2,0,115,39.0,1.0,23,11,29.0,15.0,,29,4,8,2.0,,4,0,197.0,101.0,1.0,35,14,3.0,5.0,,2,0,50.0,72.0,,31,12,13.0,5.0,,4,1,76.0,34.0,2.0,33,9,2390,1382.0,37.0,359,285,24.0,35,1.0,9,3,8867,5198.0,189.0,1111,934,5.0,3.0,,2,0
MICHIGAN,10,,,,8,0,,,,2,0,6.0,,3,0,,1.0,,1,0,1.0,,,2,0,1.0,,,1,0,122,45.0,,23,8,,,0,0,18.0,20.0,,8,4,108,12.0,,31,5,1.0,1.0,,1,0,6.0,5.0,,2,0,122,53.0,,25,12,31.0,17.0,,29,4,8,2.0,,4,0,224.0,115.0,1.0,38,14,3.0,5.0,,2,0,56.0,80.0,,31,13,14.0,7.0,,4,1,81.0,40.0,1.0,33,9,2674,1703.0,43.0,391,290,26.0,37,,9,3,9800,6326.0,211.0,1178,966,6.0,3.0,,2,0
MICHIGAN,11,,,,8,0,,,,2,0,6.0,,1,0,1.0,1.0,,1,0,1.0,,,2,0,1.0,,,1,0,133,52.0,4.0,22,8,,,0,0,18.0,20.0,,8,4,118,12.0,,31,5,1.0,1.0,,1,0,7.0,6.0,,2,0,127,56.0,,25,12,35.0,17.0,,29,4,8,2.0,,4,0,244.0,119.0,1.0,38,14,3.0,5.0,,2,0,68.0,80.0,,31,13,15.0,7.0,,4,1,101.0,40.0,,33,9,2935,1946.0,64.0,391,292,28.0,45,,9,3,10673,7168.0,294.0,1178,971,6.0,3.0,,2,0
MICHIGAN,12,,,,8,0,,,,2,0,6.0,,1,0,1.0,1.0,,1,0,1.0,,,2,0,1.0,,,1,0,149,57.0,4.0,22,7,,,0,0,21.0,20.0,,8,4,131,12.0,,31,5,1.0,1.0,,1,0,9.0,8.0,,2,0,137,60.0,,25,12,38.0,17.0,,29,4,9,2.0,,4,0,261.0,136.0,,40,14,3.0,6.0,,2,0,77.0,80.0,,31,12,17.0,7.0,,4,1,108.0,40.0,,33,8,3194,2201.0,37.0,391,292,32.0,50,,9,3,11645,8025.0,203.0,1178,973,7.0,3.0,,2,0
MICHIGAN,13,,,,8,0,,,,2,0,6.0,,1,0,2.0,1.0,,1,0,2.0,1.0,,2,0,1.0,,,1,0,160,57.0,,22,7,,,0,0,25.0,25.0,,8,4,142,22.0,,31,5,1.0,1.0,,1,0,11.0,10.0,,2,0,147,70.0,,25,12,42.0,20.0,,29,4,10,2.0,,4,0,284.0,167.0,,40,14,3.0,7.0,,2,0,81.0,91.0,,30,12,19.0,8.0,,4,1,120.0,62.0,,33,8,3483,2410.0,44.0,391,292,35.0,57,,9,3,12655,8842.0,177.0,1178,971,7.0,6.0,,2,0
MICHIGAN,14,,,,8,0,,,,2,0,6.0,,1,0,3.0,1.0,,1,0,2.0,1.0,,2,0,1.0,,,1,0,172,57.0,,22,7,,,0,0,27.0,25.0,,8,4,154,22.0,,31,5,1.0,1.0,,1,0,12.0,10.0,,2,0,154,75.0,,25,12,46.0,20.0,,29,4,11,2.0,,4,0,300.0,179.0,1.0,40,14,3.0,7.0,,2,0,87.0,91.0,,30,12,20.0,8.0,,4,1,129.0,62.0,,33,8,3774,2685.0,44.0,391,292,42.0,64,,9,3,13622,9751.0,195.0,1178,964,7.0,6.0,,2,0
MICHIGAN,15,,,,8,0,,,,2,0,6.0,,1,0,3.0,1.0,,1,0,2.0,1.0,,2,0,1.0,,,1,0,191,79.0,3.0,22,7,,,0,0,32.0,37.0,1.0,8,4,185,27.0,,31,4,2.0,1.0,,1,0,12.0,9.0,,2,0,164,83.0,,25,12,50.0,28.0,,29,4,12,2.0,,4,0,321.0,199.0,,40,14,3.0,9.0,,2,0,95.0,115.0,,30,13,24.0,10.0,,4,1,136.0,76.0,,33,8,4073,2941.0,44.0,391,291,50.0,70,,9,3,14639,10545.0,215.0,1178,956,8.0,8.0,,2,0
MICHIGAN,16,,,,8,0,,,,2,0,6.0,,1,0,3.0,1.0,,1,0,2.0,1.0,,2,0,1.0,,,1,0,202,88.0,1.0,22,7,,,0,0,33.0,43.0,1.0,8,4,209,33.0,,24,4,2.0,1.0,,1,0,14.0,9.0,,2,0,174,88.0,1.0,25,12,54.0,37.0,,29,4,11,2.0,,4,0,345.0,219.0,1.0,41,14,4.0,10.0,,2,0,99.0,131.0,1.0,30,13,26.0,11.0,,4,1,146.0,83.0,,33,8,4336,3158.0,42.0,391,285,50.0,74,,9,3,15576,11355.0,233.0,1178,956,8.0,8.0,,2,0
MICHIGAN,17,,,,8,0,,,,2,0,6.0,,1,0,3.0,3.0,,1,0,2.0,1.0,,2,0,1.0,,,1,0,212,96.0,1.0,22,7,,,0,0,37.0,44.0,,8,4,222,34.0,,16,4,2.0,2.0,,1,0,14.0,9.0,,2,0,182,95.0,,25,12,56.0,40.0,,29,4,11,2.0,,4,0,368.0,233.0,,41,14,4.0,10.0,,2,0,105.0,136.0,,30,13,29.0,11.0,,4,0,154.0,89.0,,33,8,4642,3358.0,46.0,391,285,53.0,79,,9,3,16596,12058.0,177.0,1178,956,8.0,9.0,,2,0
MICHIGAN,18,,,,8,0,,,,2,0,6.0,,1,0,3.0,4.0,,1,0,2.0,1.0,,2,0,1.0,,,1,0,223,111.0,2.0,22,7,,,0,0,41.0,46.0,,8,4,233,40.0,,16,4,2.0,3.0,,1,0,15.0,9.0,,2,0,193,100.0,,25,12,58.0,41.0,,29,4,12,2.0,,4,0,390.0,242.0,2.0,41,14,4.0,10.0,,2,0,109.0,145.0,,30,13,30.0,11.0,,4,0,163.0,93.0,1.0,33,8,4875,3668.0,45.0,391,283,56.0,81,,9,3,17426,13033.0,194.0,1178,947,8.0,9.0,,2,0
MICHIGAN,19,,,,8,0,,,,2,0,6.0,,1,0,3.0,3.0,,1,0,2.0,3.0,,2,0,1.0,,,1,0,229,124.0,1.0,22,7,,,0,0,43.0,51.0,,8,4,246,42.0,,16,4,3.0,3.0,,1,0,16.0,10.0,,2,0,210,107.0,,25,12,61.0,43.0,,29,4,15,2.0,,4,0,420.0,264.0,,41,14,4.0,11.0,,2,0,116.0,149.0,,30,13,33.0,12.0,,4,0,171.0,99.0,,33,8,5172,4090.0,44.0,391,285,59.0,81,,9,3,18447,14213.0,191.0,1178,952,9.0,9.0,,2,0
MICHIGAN,20,,,,8,0,,,,2,0,6.0,,1,0,3.0,3.0,,1,0,2.0,4.0,,2,0,1.0,,,1,0,245,133.0,,22,7,,,0,0,43.0,52.0,,8,4,258,44.0,,16,4,3.0,3.0,,1,0,16.0,10.0,,2,0,218,115.0,,25,12,64.0,45.0,,29,4,16,2.0,,4,0,437.0,295.0,1.0,41,14,4.0,11.0,,2,0,120.0,156.0,,30,13,33.0,13.0,,4,0,175.0,105.0,2.0,33,8,5464,4316.0,42.0,391,283,63.0,87,1.0,9,3,19510,14967.0,206.0,1178,947,9.0,9.0,,2,0
MICHIGAN,21,,,,8,0,,,,2,0,6.0,,1,0,3.0,3.0,,1,0,2.0,4.0,,2,0,1.0,,,1,0,257,133.0,,22,7,,,0,0,47.0,60.0,1.0,8,4,269,46.0,,16,4,3.0,3.0,,1,0,16.0,11.0,,2,0,233,122.0,1.0,25,12,67.0,50.0,1.0,29,4,18,3.0,,4,0,452.0,323.0,1.0,41,14,5.0,11.0,,2,0,130.0,162.0,1.0,30,13,33.0,13.0,,4,0,183.0,116.0,2.0,33,8,5715,4602.0,54.0,391,283,65.0,94,,9,3,20442,16075.0,223.0,1178,939,11.0,10.0,,2,0
MICHIGAN,22,,,,8,0,,,,2,0,6.0,,1,0,4.0,3.0,,1,0,4.0,4.0,,2,0,1.0,,,1,0,265,148.0,5.0,22,7,,,0,0,52.0,63.0,,8,4,285,48.0,,16,3,3.0,4.0,,1,0,18.0,13.0,,2,0,261,127.0,,26,12,76.0,57.0,1.0,29,4,18,3.0,,4,0,498.0,338.0,,41,15,12.0,11.0,,2,0,131.0,167.0,,30,13,33.0,13.0,,4,0,193.0,121.0,1.0,33,8,6233,4795.0,21.0,394,300,68.0,95,,10,3,21158,16760.0,106.0,1188,939,12.0,11.0,,2,0
MICHIGAN,22,,,,8,0,,,,2,0,6.0,,1,0,4.0,3.0,,1,0,4.0,4.0,,2,0,1.0,,,1,0,265,148.0,5.0,22,7,,,0,0,52.0,63.0,,8,4,285,48.0,,16,3,3.0,4.0,,1,0,18.0,13.0,,2,0,261,127.0,,26,12,76.0,57.0,1.0,29,4,18,3.0,,4,0,15.0,16.0,,5,0,,,,0,0,131.0,167.0,,30,13,33.0,13.0,,4,0,193.0,121.0,1.0,33,8,6233,4795.0,21.0,394,300,68.0,95,,10,3,21158,16760.0,106.0,1188,939,12.0,11.0,,2,0
MICHIGAN,23,,,,8,0,,,,2,0,6.0,,1,0,4.0,4.0,,1,0,4.0,4.0,,1,0,1.0,1.0,,1,0,274,160.0,2.0,22,7,,,0,0,50.0,68.0,,8,3,292,56.0,1.0,16,3,3.0,4.0,,1,0,18.0,13.0,,2,0,276,143.0,,26,13,79.0,59.0,,29,4,18,3.0,,4,0,508.0,350.0,3.0,41,14,12.0,11.0,,2,0,137.0,170.0,,30,13,33.0,13.0,,4,0,201.0,128.0,1.0,33,8,6572,5108.0,49.0,394,300,71.0,97,,10,3,22207,17794.0,200.0,1190,947,12.0,11.0,,3,0
MICHIGAN,24,,,,8,0,,,,2,0,6.0,,1,0,5.0,5.0,,1,0,4.0,4.0,,1,0,1.0,1.0,,1,0,281,169.0,3.0,22,7,,,0,0,54.0,77.0,,8,3,305,57.0,,16,3,3.0,4.0,,1,0,19.0,13.0,,2,0,297,158.0,,26,12,84.0,62.0,,29,4,20,4.0,,4,0,522.0,366.0,2.0,41,14,12.0,11.0,,2,0,142.0,172.0,,30,13,33.0,14.0,,4,0,221.0,133.0,1.0,33,8,6897,5430.0,57.0,394,298,78.0,104,1.0,10,3,23167,18755.0,212.0,1192,941,12.0,11.0,,3,0
MICHIGAN,25,,,,8,0,,,,2,0,6.0,,1,0,5.0,6.0,,2,0,5.0,4.0,,1,0,1.0,1.0,,1,0,286,181.0,1.0,22,7,,,0,0,56.0,77.0,,8,3,321,62.0,,16,3,3.0,4.0,,1,0,19.0,13.0,,2,0,304,164.0,,26,11,92.0,78.0,3.0,29,4,20,4.0,,4,0,537.0,387.0,,41,15,12.0,11.0,,2,0,151.0,176.0,,30,13,33.0,14.0,,4,0,229.0,140.0,,33,8,7197,5670.0,53.0,394,293,80.0,114,,10,3,24162,19440.0,202.0,1192,939,12.0,12.0,,3,0
MICHIGAN,26,,,,8,0,,,,2,0,6.0,,1,0,5.0,6.0,,2,0,5.0,4.0,,1,0,1.0,1.0,,1,0,290,195.0,1.0,22,7,,,0,0,60.0,82.0,2.0,8,3,335,63.0,,14,3,3.0,4.0,,1,0,21.0,15.0,,2,0,318,173.0,,26,11,103.0,84.0,,29,4,20,4.0,,4,0,549.0,396.0,1.0,41,14,12.0,11.0,,2,0,157.0,187.0,2.0,30,14,34.0,17.0,,4,0,244.0,144.0,,33,8,7523,5913.0,31.0,394,288,81.0,116,,8,3,25137,20291.0,204.0,1189,931,12.0,14.0,,3,0
MICHIGAN,27,,,,8,0,,,,2,0,6.0,,1,0,5.0,6.0,,2,0,5.0,4.0,,1,0,2.0,1.0,,1,0,296,195.0,,22,7,,,0,0,66.0,82.0,,8,3,345,63.0,,11,3,3.0,4.0,,1,0,21.0,18.0,,2,0,344,186.0,,26,11,123.0,84.0,,29,4,24,4.0,,4,0,559.0,407.0,,41,15,12.0,11.0,,2,0,168.0,187.0,,30,14,36.0,17.0,,4,0,254.0,144.0,,33,7,7777,6130.0,30.0,394,287,84.0,118,,8,3,25834,20977.0,141.0,1193,924,13.0,14.0,,3,0
MICHIGAN,28,,,,8,0,,,,2,0,6.0,,1,0,6.0,7.0,,2,0,5.0,5.0,,1,0,2.0,1.0,,1,0,303,203.0,,22,7,,,0,0,69.0,106.0,1.0,8,4,353,66.0,,11,3,3.0,4.0,,1,0,21.0,18.0,,2,0,365,196.0,1.0,23,11,149.0,131.0,3.0,29,4,27,4.0,,3,0,569.0,419.0,,41,15,12.0,12.0,,2,0,175.0,200.0,,30,14,38.0,21.0,,4,0,266.0,162.0,,33,8,8116,6316.0,36.0,394,286,87.0,122,,8,3,26785,21571.0,183.0,1191,922,13.0,16.0,,3,0
MICHIGAN,29,,,,8,0,,,,2,0,6.0,,1,0,6.0,8.0,,2,0,5.0,5.0,,1,0,2.0,1.0,,1,0,307,205.0,,22,7,,,0,0,70.0,114.0,2.0,8,4,359,69.0,,11,3,3.0,4.0,,1,0,22.0,18.0,,2,0,388,213.0,,23,10,178.0,147.0,,29,4,29,4.0,,3,0,580.0,428.0,1.0,41,15,12.0,12.0,,2,0,186.0,202.0,1.0,30,14,38.0,23.0,,4,1,283.0,171.0,1.0,33,7,8449,6586.0,43.0,394,286,89.0,124,,8,3,27858,22453.0,230.0,1191,922,13.0,16.0,,3,0
MICHIGAN,30,,,,8,0,,,,2,0,6.0,,1,0,6.0,9.0,,2,0,5.0,5.0,,1,0,2.0,1.0,,1,0,313,214.0,2.0,22,7,,,0,0,74.0,119.0,,8,4,370,70.0,,11,3,4.0,4.0,,1,0,22.0,19.0,,2,0,411,219.0,1.0,23,10,186.0,159.0,,33,4,29,5.0,,3,0,586.0,437.0,,41,15,12.0,12.0,,2,0,196.0,207.0,,30,14,40.0,28.0,,4,1,298.0,185.0,,33,8,8819,6994.0,51.0,394,286,94.0,130,1.0,8,3,28990,23702.0,192.0,1192,909,13.0,16.0,,3,0
MICHIGAN,31,,,,8,0,,,,2,0,7.0,,1,0,6.0,11.0,,2,0,5.0,5.0,,1,0,2.0,1.0,,1,0,320,223.0,1.0,22,7,,,0,0,80.0,126.0,,8,4,372,72.0,1.0,11,3,4.0,4.0,,1,0,22.0,19.0,,2,0,429,229.0,,22,10,188.0,177.0,,35,4,30,5.0,,3,0,591.0,449.0,,41,15,12.0,12.0,,2,0,218.0,214.0,,30,14,44.0,31.0,1.0,4,1,331.0,198.0,1.0,33,7,9171,8212.0,95.0,394,293,96.0,134,1.0,8,3,29825,26595.0,315.0,1192,939,13.0,17.0,,3,0
MICHIGAN,32,3.0,,,8,0,1.0,,,2,0,7.0,,0,0,6.0,11.0,,2,0,5.0,6.0,,1,0,2.0,2.0,,1,0,323,231.0,1.0,22,7,,,0,0,83.0,136.0,,9,4,383,75.0,,11,3,4.0,4.0,,1,0,22.0,19.0,,2,0,447,239.0,,22,9,197.0,197.0,,39,5,31,5.0,,3,0,602.0,463.0,,41,15,12.0,12.0,,2,0,245.0,222.0,1.0,30,12,46.0,31.0,,4,1,341.0,208.0,,19,7,9471,8660.0,123.0,394,293,99.0,136,,8,3,30909,27798.0,404.0,1192,939,13.0,17.0,,3,0
MICHIGAN,33,11.0,,,8,0,3.0,,,2,0,7.0,,0,0,6.0,12.0,,2,0,6.0,6.0,,1,0,2.0,2.0,,1,0,330,235.0,,22,7,,,0,0,88.0,146.0,2.0,9,4,386,82.0,1.0,9,3,4.0,4.0,,1,0,23.0,19.0,,2,0,466,257.0,,22,10,205.0,216.0,1.0,39,5,31,6.0,,3,0,606.0,470.0,,41,15,12.0,12.0,,2,0,275.0,229.0,,30,11,49.0,32.0,,4,1,353.0,222.0,2.0,19,7,9804,9045.0,160.0,394,296,101.0,138,1.0,8,3,32013,28869.0,414.0,1192,943,13.0,19.0,,3,0
MICHIGAN,34,16.0,12.0,,6,0,5.0,4.0,,2,0,7.0,,0,0,6.0,14.0,1.0,2,0,6.0,7.0,,1,0,2.0,2.0,,1,0,338,239.0,,22,7,,,0,0,94.0,152.0,1.0,9,4,395,92.0,2.0,9,3,4.0,4.0,,1,0,23.0,21.0,,2,0,483,269.0,,22,10,223.0,231.0,,40,5,33,6.0,,3,0,610.0,478.0,1.0,41,15,12.0,12.0,,2,0,295.0,234.0,1.0,26,10,49.0,33.0,,4,1,370.0,229.0,,19,7,10118,9368.0,92.0,394,293,102.0,140,,8,3,33070,29749.0,337.0,1192,939,13.0,19.0,,3,0
MICHIGAN,34,16.0,12.0,,6,0,5.0,4.0,,2,0,7.0,,0,0,6.0,14.0,1.0,2,0,6.0,7.0,,1,0,2.0,2.0,,1,0,338,239.0,,22,7,,,0,0,94.0,152.0,1.0,9,4,395,92.0,2.0,9,3,4.0,4.0,,1,0,23.0,21.0,,2,0,483,269.0,,22,10,223.0,231.0,,40,5,33,6.0,,3,0,22.0,20.0,,3,0,,,,0,0,295.0,234.0,1.0,26,10,49.0,33.0,,4,1,370.0,229.0,,19,7,10118,9368.0,92.0,394,293,102.0,140,,8,3,33070,29749.0,337.0,1192,939,13.0,19.0,,3,0
MICHIGAN,35,22.0,15.0,,6,0,7.0,6.0,,2,0,7.0,,0,0,6.0,14.0,,2,0,7.0,7.0,,1,0,2.0,2.0,,1,0,343,239.0,,22,7,,,0,0,100.0,152.0,,9,4,400,92.0,,7,3,4.0,4.0,,1,0,24.0,21.0,,2,0,498,281.0,,22,10,239.0,231.0,,40,4,33,8.0,,3,0,615.0,489.0,1.0,41,15,13.0,12.0,,2,0,310.0,234.0,,26,10,51.0,33.0,,4,1,388.0,229.0,,19,7,10465,9647.0,115.0,394,293,105.0,145,,8,3,34006,30626.0,365.0,1192,939,13.0,19.0,,3,0
MICHIGAN,36,23.0,27.0,,8,0,7.0,10.0,,3,0,7.0,,0,0,6.0,14.0,,2,0,7.0,8.0,,1,0,2.0,2.0,,1,0,350,239.0,,22,7,,,0,0,105.0,162.0,,9,4,404,95.0,,7,3,4.0,4.0,,1,0,24.0,21.0,,2,0,508,301.0,,22,10,252.0,250.0,,41,4,35,9.0,,3,0,624.0,497.0,,41,15,13.0,12.0,,2,0,328.0,240.0,,26,9,53.0,36.0,2.0,4,1,405.0,245.0,,19,7,10751,9877.0,79.0,394,288,106.0,147,,8,3,34860,31307.0,191.0,1192,940,13.0,19.0,,3,0
MICHIGAN,37,29.0,33.0,,10,0,7.0,11.0,,4,0,7.0,,0,0,7.0,17.0,,2,0,7.0,8.0,,1,0,2.0,2.0,,1,0,360,253.0,3.0,22,7,,,0,0,109.0,193.0,,11,4,406,109.0,1.0,8,3,5.0,4.0,,1,0,24.0,22.0,,2,0,523,311.0,,22,10,260.0,287.0,,43,4,37,11.0,,3,0,636.0,508.0,1.0,41,15,14.0,12.0,,2,0,347.0,245.0,,26,9,53.0,41.0,,4,1,424.0,270.0,,19,7,11087,10248.0,163.0,394,290,108.0,148,,8,3,35952,32436.0,411.0,1192,940,13.0,21.0,,3,0
MICHIGAN,38,29.0,48.0,1.0,10,0,8.0,17.0,,4,0,7.0,,0,0,7.0,19.0,,3,0,7.0,8.0,,1,0,2.0,2.0,,1,0,373,261.0,,22,7,,,0,0,113.0,199.0,,12,4,411,110.0,,8,3,5.0,4.0,,1,0,25.0,22.0,,2,0,535,324.0,,22,10,265.0,300.0,1.0,43,4,37,12.0,,3,0,648.0,510.0,,41,15,14.0,13.0,,2,0,371.0,248.0,1.0,26,8,54.0,45.0,,4,1,443.0,282.0,,19,8,11412,10566.0,122.0,394,288,110.0,150,,8,3,36970,33470.0,352.0,1192,940,13.0,21.0,,3,0
MICHIGAN,39,29.0,56.0,,12,0,8.0,18.0,,4,0,7.0,,0,0,7.0,19.0,,3,0,7.0,8.0,,1,0,2.0,2.0,,1,0,386,261.0,,22,7,,,0,0,116.0,199.0,,12,4,413,110.0,,8,3,5.0,4.0,,1,0,25.0,23.0,,2,0,544,336.0,,22,10,270.0,300.0,,43,4,39,12.0,,3,0,664.0,518.0,,41,15,15.0,13.0,,2,0,394.0,248.0,,26,8,55.0,45.0,,4,1,459.0,282.0,,19,7,11758,11013.0,173.0,394,288,113.0,152,,8,3,38059,34719.0,558.0,1192,943,15.0,21.0,,3,0
MICHIGAN,40,30.0,63.0,,11,0,8.0,19.0,,4,0,7.0,,0,0,8.0,19.0,,3,0,7.0,8.0,,1,0,2.0,2.0,,1,0,400,261.0,,22,7,,,0,0,117.0,199.0,,12,4,418,110.0,,8,3,5.0,4.0,,1,0,25.0,23.0,,2,0,563,353.0,,22,10,273.0,300.0,,43,4,39,12.0,,3,0,684.0,531.0,,41,15,15.0,13.0,,2,0,410.0,248.0,,26,8,55.0,45.0,,4,1,478.0,282.0,,19,7,12083,11259.0,74.0,395,288,115.0,156,,8,3,39087,35424.0,183.0,1192,939,15.0,21.0,,3,0
MICHIGAN,41,31.0,69.0,,11,0,8.0,18.0,,4,0,7.0,,0,0,8.0,23.0,,4,0,7.0,8.0,,1,0,2.0,2.0,,1,0,422,269.0,3.0,22,7,,,0,0,121.0,215.0,,12,4,423,120.0,,8,3,5.0,4.0,,1,0,26.0,24.0,,3,0,579,364.0,,22,10,281.0,356.0,3.0,45,5,40,13.0,,3,0,694.0,543.0,1.0,41,14,15.0,14.0,,2,0,434.0,262.0,,26,7,56.0,49.0,,4,1,488.0,322.0,,17,8,12400,11610.0,137.0,401,286,118.0,159,,8,3,40203,36427.0,354.0,1192,940,15.0,25.0,,3,1
MICHIGAN,42,31.0,77.0,,11,0,8.0,18.0,,4,0,7.0,,0,0,8.0,23.0,,4,0,7.0,9.0,,1,0,2.0,2.0,,1,0,433,272.0,,18,7,,,0,0,123.0,222.0,,12,4,429,127.0,,8,3,5.0,4.0,,1,0,26.0,24.0,,3,0,596,364.0,,22,10,297.0,393.0,3.0,45,5,40,13.0,,3,0,712.0,543.0,,41,14,15.0,14.0,,2,0,458.0,265.0,,26,7,56.0,49.0,,4,1,504.0,334.0,1.0,17,8,12685,11610.0,,401,286,118.0,164,,8,3,41179,36427.0,,1192,928,16.0,26.0,,3,1
MICHIGAN,43,31.0,79.0,,11,0,8.0,19.0,,4,0,7.0,,0,0,9.0,24.0,,4,0,7.0,9.0,,1,0,2.0,2.0,,1,0,448,277.0,1.0,18,7,,,0,0,126.0,230.0,,12,4,435,129.0,,9,3,5.0,4.0,,1,0,27.0,27.0,,3,0,612,385.0,,22,10,304.0,419.0,1.0,45,5,40,18.0,,3,0,721.0,581.0,1.0,41,15,16.0,15.0,,2,0,484.0,268.0,,26,7,56.0,51.0,,4,1,512.0,345.0,2.0,17,8,13021,12352.0,160.0,405,288,122.0,168,,8,3,42245,38389.0,387.0,1193,930,16.0,27.0,,3,1
MICHIGAN,44,31.0,79.0,,11,0,8.0,21.0,,4,0,7.0,,0,0,10.0,24.0,,4,0,8.0,9.0,,1,0,2.0,2.0,,1,0,460,288.0,,18,6,,,0,0,127.0,230.0,,12,4,435,129.0,,9,3,5.0,4.0,,1,0,27.0,30.0,,3,1,627,401.0,,22,10,308.0,419.0,,45,4,40,19.0,,3,0,735.0,628.0,,41,16,16.0,15.0,,2,0,500.0,268.0,,26,7,56.0,52.0,,5,1,526.0,345.0,,17,7,13331,12640.0,119.0,409,287,129.0,172,,8,3,43076,39188.0,332.0,1193,916,18.0,27.0,,3,1
MICHIGAN,45,32.0,79.0,,11,0,8.0,21.0,,4,0,7.0,,0,0,10.0,24.0,,4,0,8.0,9.0,,1,0,2.0,2.0,,1,0,475,291.0,,18,6,,,0,0,132.0,264.0,,13,4,440,141.0,,9,3,5.0,4.0,,1,0,27.0,30.0,,3,1,641,401.0,,22,9,319.0,508.0,1.0,53,6,40,19.0,,3,0,749.0,628.0,,41,16,16.0,15.0,,2,0,516.0,273.0,,26,7,56.0,53.0,,5,1,530.0,371.0,1.0,17,7,13620,12640.0,,409,286,129.0,174,,8,3,44072,39188.0,,1193,916,18.0,28.0,,3,1
MICHIGAN,46,32.0,79.0,,11,0,8.0,21.0,,4,0,7.0,,0,0,10.0,24.0,,4,0,8.0,9.0,,1,0,2.0,2.0,,1,0,493,305.0,2.0,18,7,,,0,0,135.0,264.0,,13,4,443,141.0,,9,3,5.0,4.0,,1,0,28.0,30.0,,3,1,663,401.0,,22,9,326.0,508.0,,53,6,43,19.0,,3,0,774.0,628.0,,41,16,17.0,15.0,,2,0,542.0,273.0,,26,7,58.0,53.0,,5,1,533.0,371.0,,17,7,13997,12640.0,,409,285,129.0,177,,8,3,45250,39188.0,,1193,909,19.0,28.0,,3,1
MICHIGAN,47,32.0,79.0,,11,0,8.0,21.0,,4,0,7.0,,0,0,10.0,24.0,,4,0,8.0,9.0,,1,0,2.0,2.0,,1,0,500,305.0,,16,6,,,0,0,137.0,270.0,,13,4,445,162.0,,11,3,5.0,4.0,,1,0,28.0,30.0,,3,0,682,401.0,,19,9,329.0,543.0,1.0,53,6,43,19.0,,2,0,792.0,628.0,,41,16,17.0,15.0,,2,0,563.0,284.0,,26,7,59.0,62.0,,5,1,537.0,381.0,1.0,17,8,14200,12640.0,,409,283,129.0,177,,8,3,45913,39188.0,,1193,902,19.0,28.0,,3,0
MICHIGAN,48,32.0,80.0,,11,0,8.0,22.0,,4,0,7.0,,0,0,10.0,24.0,,4,0,8.0,9.0,,1,0,2.0,4.0,,2,0,506,305.0,,16,6,35.0,2.0,9,0,138.0,272.0,,13,4,447,170.0,,12,3,5.0,4.0,,1,0,28.0,32.0,,3,1,697,417.0,,19,9,332.0,551.0,,53,6,43,23.0,,2,0,817.0,632.0,,41,15,17.0,15.0,,2,0,585.0,284.0,,26,6,59.0,67.0,,5,1,543.0,391.0,2.0,17,8,14513,12855.0,,427,287,132.0,182,,8,3,46724,39684.0,,1193,918,20.0,29.0,,3,1
MICHIGAN,49,32.0,80.0,,11,0,8.0,22.0,,4,0,7.0,,0,0,10.0,24.0,,4,0,8.0,9.0,,1,0,2.0,4.0,,2,0,519,320.0,2.0,16,6,1030.0,1.0,40,20,143.0,273.0,,13,4,451,179.0,,12,3,5.0,4.0,,1,0,29.0,32.0,,3,1,713,417.0,,19,9,336.0,562.0,,53,7,43,23.0,,2,0,847.0,635.0,1.0,41,14,17.0,15.0,,2,0,611.0,285.0,,26,6,59.0,68.0,,5,1,546.0,402.0,1.0,17,8,14907,13030.0,158.0,430,286,133.0,183,1.0,8,3,47859,40166.0,435.0,1193,918,20.0,30.0,,3,0
MICHIGAN,50,32.0,80.0,,11,0,8.0,22.0,,4,0,7.0,,0,0,11.0,24.0,,4,0,8.0,12.0,,1,0,2.0,4.0,,2,0,526,332.0,2.0,16,6,1047.0,4.0,40,20,143.0,277.0,,13,4,452,185.0,,12,3,5.0,4.0,,1,0,29.0,32.0,,3,1,721,418.0,,19,9,338.0,568.0,,53,7,43,23.0,,2,0,863.0,643.0,,41,14,17.0,15.0,,2,0,632.0,287.0,1.0,21,6,59.0,70.0,,5,1,550.0,417.0,4.0,17,8,15267,13275.0,131.0,432,285,134.0,187,,8,3,48983,40979.0,433.0,1193,916,21.0,31.0,,3,1
MICHIGAN,51,32.0,80.0,,11,0,8.0,22.0,,4,0,7.0,,0,0,11.0,24.0,,4,0,8.0,12.0,,1,0,2.0,4.0,,2,0,536,344.0,2.0,16,6,1060.0,,40,21,146.0,277.0,,13,4,453,183.0,,13,3,5.0,4.0,,1,0,30.0,32.0,,3,1,735,423.0,,19,9,346.0,569.0,,53,6,43,25.0,,3,0,886.0,664.0,,41,14,18.0,15.0,,2,0,650.0,290.0,,19,6,61.0,71.0,,5,1,553.0,417.0,1.0,17,8,15536,13521.0,117.0,432,285,135.0,191,,8,2,49925,41720.0,336.0,1193,898,24.0,29.0,,3,0
MICHIGAN,52,32.0,80.0,,11,0,8.0,22.0,,4,0,7.0,,0,0,11.0,24.0,,4,0,8.0,12.0,,1,0,2.0,4.0,,2,0,542,347.0,,16,6,1076.0,,40,21,149.0,286.0,,14,4,458,191.0,,13,3,5.0,4.0,,1,0,31.0,32.0,,3,0,744,427.0,,19,9,347.0,579.0,,53,7,44,25.0,,3,0,927.0,667.0,1.0,41,14,18.0,15.0,,2,0,669.0,291.0,,19,5,61.0,71.0,,5,1,560.0,424.0,,17,8,15742,13713.0,55.0,435,285,136.0,198,,8,2,50595,42201.0,113.0,1193,884,25.0,29.0,,2,0
OHIO,1,,,,6,0,,,,3,0,1.0,,1,0,,,,3,0,,,,3,0,,,,0,0,11,12.0,12.0,24,8,,,0,0,,4.0,4.0,19,5,22,12.0,12.0,30,11,,1.0,1.0,3,0,,,,7,0,18,10.0,10.0,34,17,19.0,2.0,2.0,41,9,1,1.0,1.0,5,1,43.0,63.0,63.0,52,21,,,,2,0,,1.0,1.0,3,0,4.0,1.0,1.0,18,4,2.0,4.0,4.0,27,6,442,191.0,191.0,527,440,7.0,7,7.0,12,5,1106,465.0,465.0,1314,1158,2.0,,,4,0
OHIO,2,,,,6,0,,,,3,0,1.0,,1,0,,,,3,0,,,,3,0,,,,0,0,15,24.0,12.0,24,8,,,0,0,5.0,7.0,3.0,19,5,40,21.0,9.0,30,11,,2.0,1.0,3,0,,1.0,1.0,7,0,30,30.0,20.0,34,16,28.0,6.0,4.0,41,9,2,1.0,,5,1,95.0,124.0,61.0,63,21,,,,2,0,1.0,5.0,4.0,3,0,10.0,3.0,1.0,18,4,8.0,6.0,2.0,27,6,882,568.0,226.0,527,440,20.0,13,13.0,12,5,2378,1483.0,618.0,1314,1158,2.0,,,4,0
OHIO,3,,,,6,0,,,,3,0,2.0,,1,0,1.0,,,3,0,,,,3,0,,,,0,0,33,39.0,15.0,24,8,,,0,0,6.0,18.0,11.0,19,5,56,32.0,11.0,30,11,3.0,2.0,1.0,3,0,,2.0,1.0,7,0,54,39.0,9.0,34,17,35.0,11.0,5.0,41,9,4,2.0,1.0,5,1,113.0,174.0,50.0,63,21,,,,2,0,2.0,7.0,2.0,4,0,11.0,8.0,5.0,18,4,16.0,27.0,21.0,27,6,1368,962.0,219.0,532,440,30.0,15,10.0,13,5,3631,2513.0,512.0,1315,1167,2.0,,,4,0
OHIO,4,,,,6,0,,,,3,0,2.0,,1,0,1.0,,,3,0,,1.0,1.0,3,0,,,,0,0,46,55.0,16.0,24,8,,,0,0,9.0,22.0,4.0,19,5,86,43.0,11.0,30,11,4.0,2.0,,1,0,3.0,4.0,2.0,7,0,77,49.0,10.0,34,16,39.0,14.0,3.0,41,9,4,4.0,2.0,5,1,146.0,214.0,40.0,63,22,,,,2,0,2.0,9.0,3.0,3,0,17.0,10.0,2.0,18,4,32.0,33.0,6.0,27,6,1847,1392.0,234.0,531,440,30.0,17,,13,5,4840,3611.0,531.0,1316,1171,2.0,,,4,0
OHIO,5,,,,6,0,,,,3,0,2.0,,1,0,1.0,,,3,0,,1.0,,3,0,,,,0,0,53,66.0,11.0,24,8,,,0,0,10.0,33.0,11.0,19,5,105,49.0,8.0,25,10,4.0,2.0,,1,0,4.0,4.0,,7,0,103,61.0,12.0,34,15,42.0,25.0,11.0,41,9,5,5.0,1.0,5,1,169.0,238.0,24.0,63,22,,2.0,2.0,2,0,2.0,11.0,1.0,4,1,21.0,12.0,2.0,18,4,40.0,52.0,19.0,27,6,2289,1781.0,199.0,531,441,33.0,22,3.0,13,5,6081,4840.0,602.0,1316,1170,3.0,2.0,2.0,4,0
OHIO,6,,,,6,0,,,,3,0,2.0,,1,0,1.0,,,3,0,,1.0,,3,0,,,,0,0,59,86.0,20.0,24,8,,,0,0,13.0,38.0,5.0,19,5,117,56.0,7.0,25,10,4.0,2.0,,1,0,7.0,5.0,1.0,7,0,127,68.0,7.0,34,15,50.0,29.0,4.0,41,10,5,5.0,,5,1,190.0,276.0,39.0,63,22,,5.0,3.0,2,0,3.0,12.0,1.0,4,1,26.0,13.0,1.0,18,4,42.0,57.0,5.0,27,6,2754,2270.0,254.0,531,440,38.0,29,5.0,13,5,7320,6029.0,616.0,1317,1167,3.0,2.0,,4,0
OHIO,7,,,,6,0,,,,3,0,2.0,,1,0,1.0,,,3,0,,1.0,,3,0,,,,0,0,67,90.0,4.0,24,9,,,0,0,16.0,47.0,10.0,19,5,124,60.0,4.0,25,10,4.0,3.0,1.0,1,0,12.0,6.0,1.0,7,0,142,77.0,9.0,34,14,55.0,34.0,5.0,41,10,6,6.0,1.0,5,1,206.0,307.0,31.0,63,22,,8.0,3.0,3,0,3.0,13.0,1.0,4,1,34.0,22.0,6.0,18,4,50.0,63.0,6.0,27,6,3171,2705.0,244.0,531,439,43.0,31,5.0,13,5,8492,7167.0,637.0,1317,1164,3.0,3.0,1.0,4,0
OHIO,8,,,,6,0,,,,3,0,2.0,,1,0,2.0,,,3,0,1.0,3.0,2.0,3,0,,,,0,0,78,96.0,6.0,24,9,,,0,0,16.0,52.0,5.0,19,5,148,68.0,8.0,25,10,4.0,5.0,2.0,1,0,18.0,6.0,,7,0,146,84.0,7.0,34,14,57.0,35.0,1.0,41,10,6,6.0,,5,1,239.0,352.0,42.0,63,23,,6.0,1.0,3,0,4.0,20.0,7.0,4,1,37.0,27.0,2.0,18,4,53.0,75.0,12.0,27,6,3544,3093.0,221.0,543,442,47.0,34,4.0,13,5,9621,8208.0,559.0,1317,1172,5.0,4.0,1.0,4,0
OHIO,9,,,,6,0,,,,3,0,2.0,,1,0,2.0,,,3,0,1.0,3.0,,3,0,,,,0,0,88,114.0,18.0,24,8,53.0,18.0,19,0,19.0,56.0,4.0,19,5,150,85.0,17.0,25,10,4.0,5.0,,2,0,24.0,7.0,1.0,7,0,180,95.0,11.0,34,14,57.0,40.0,5.0,41,10,6,6.0,,5,1,270.0,386.0,38.0,62,23,,11.0,1.0,3,0,4.0,21.0,1.0,7,1,44.0,34.0,6.0,18,4,64.0,78.0,3.0,27,6,3960,3408.0,184.0,543,447,52.0,40,5.0,13,5,10806,9151.0,483.0,1317,1177,5.0,4.0,,4,0
OHIO,10,,,,6,0,,,,3,0,2.0,,1,0,3.0,,,3,0,1.0,3.0,,3,0,,,,0,0,100,114.0,,24,8,141.0,,23,0,21.0,56.0,,19,5,157,85.0,,25,10,4.0,5.0,,2,0,27.0,7.0,,7,0,194,95.0,,28,14,62.0,40.0,,41,10,7,6.0,,5,1,295.0,386.0,,62,23,,11.0,,3,0,4.0,21.0,,7,1,50.0,36.0,,18,4,68.0,78.0,,27,6,4394,3488.0,,544,450,52.0,41,,13,5,11965,9378.0,,1317,1176,5.0,4.0,,4,0
OHIO,11,,,,6,0,,,,3,0,2.0,,1,0,3.0,,,3,0,1.0,3.0,,3,0,,,,0,0,108,122.0,8.0,24,8,128.0,,22,0,23.0,69.0,8.0,19,5,169,100.0,10.0,25,10,5.0,5.0,,2,0,30.0,7.0,,7,0,220,109.0,14.0,28,14,63.0,45.0,4.0,41,10,10,6.0,,5,1,330.0,417.0,20.0,62,22,,12.0,1.0,3,0,4.0,24.0,2.0,7,1,55.0,42.0,,18,4,78.0,89.0,11.0,27,6,4805,3949.0,230.0,544,451,59.0,43,3.0,13,5,13124,10682.0,631.0,1317,1176,5.0,4.0,,4,0
OHIO,12,,,,6,0,,,,3,0,2.0,,1,0,3.0,,,3,0,2.0,3.0,,3,0,,,,0,0,121,131.0,9.0,24,8,174.0,20.0,23,0,28.0,81.0,11.0,19,6,181,119.0,19.0,25,10,5.0,5.0,,2,0,37.0,7.0,,7,0,233,114.0,5.0,28,14,64.0,49.0,3.0,41,10,12,6.0,,5,1,359.0,446.0,28.0,62,22,2.0,12.0,,3,0,4.0,26.0,2.0,7,1,58.0,48.0,3.0,18,4,81.0,105.0,16.0,27,6,5224,4395.0,243.0,544,458,65.0,48,6.0,13,5,14359,11903.0,646.0,1317,1177,5.0,4.0,,4,0
OHIO,13,,,,6,0,,,,3,0,2.0,,1,0,3.0,1.0,1.0,3,0,2.0,3.0,,3,0,,,,0,0,136,145.0,14.0,24,8,191.0,15.0,23,0,31.0,87.0,6.0,19,6,191,129.0,10.0,25,10,5.0,5.0,,2,0,38.0,7.0,,3,0,251,122.0,8.0,28,14,73.0,53.0,4.0,41,10,12,6.0,,5,1,390.0,480.0,33.0,62,22,2.0,14.0,2.0,3,0,5.0,26.0,,7,1,64.0,53.0,2.0,18,4,90.0,111.0,6.0,27,6,5645,4710.0,156.0,546,458,68.0,53,3.0,13,5,15436,12921.0,439.0,1323,1177,5.0,4.0,,4,0
OHIO,14,,,,6,0,,,,3,0,2.0,,1,0,3.0,1.0,,3,0,2.0,3.0,,3,0,,,,0,0,144,154.0,4.0,24,8,212.0,20.0,23,0,34.0,101.0,14.0,19,6,198,143.0,11.0,25,10,6.0,5.0,,2,0,40.0,8.0,1.0,3,0,262,142.0,10.0,28,13,78.0,57.0,3.0,41,10,14,7.0,,5,1,417.0,532.0,37.0,62,22,2.0,14.0,1.0,3,0,5.0,33.0,7.0,7,1,74.0,64.0,5.0,18,4,91.0,116.0,1.0,27,6,6126,5438.0,263.0,546,462,78.0,59,8.0,13,5,16657,14787.0,601.0,1327,1177,5.0,5.0,,4,0
OHIO,15,,,,6,0,,,,3,0,2.0,,1,0,3.0,2.0,1.0,3,0,2.0,3.0,,3,0,,,,0,0,147,164.0,10.0,24,8,235.0,21.0,23,0,37.0,113.0,12.0,19,6,205,153.0,10.0,25,10,6.0,5.0,,2,0,43.0,10.0,2.0,3,0,279,151.0,9.0,28,13,81.0,61.0,4.0,41,10,15,8.0,1.0,5,1,453.0,562.0,30.0,62,22,2.0,15.0,1.0,3,0,5.0,34.0,1.0,7,1,80.0,68.0,1.0,18,4,91.0,118.0,2.0,27,6,6558,5899.0,246.0,546,458,80.0,66,2.0,13,5,17791,16107.0,625.0,1327,1177,5.0,6.0,1.0,4,0
OHIO,16,,,,6,0,,,,3,0,2.0,,1,0,3.0,2.0,,3,0,5.0,3.0,,3,0,,,,0,0,152,183.0,19.0,24,8,260.0,24.0,23,0,39.0,120.0,8.0,19,6,208,163.0,10.0,25,10,6.0,5.0,,2,0,43.0,10.0,,3,0,290,157.0,6.0,28,13,84.0,64.0,3.0,41,10,17,10.0,2.0,5,1,488.0,600.0,38.0,62,22,2.0,16.0,1.0,3,0,5.0,43.0,9.0,7,1,87.0,72.0,1.0,18,4,96.0,124.0,6.0,27,6,7008,6336.0,256.0,546,458,85.0,71,5.0,13,5,18902,17286.0,647.0,1326,1180,6.0,8.0,2.0,4,0
OHIO,17,,,,6,0,,,,3,0,3.0,,1,0,3.0,2.0,,3,0,5.0,4.0,1.0,2,0,,,,0,0,163,191.0,9.0,24,9,276.0,16.0,23,0,40.0,128.0,7.0,19,7,216,173.0,10.0,25,10,6.0,5.0,,2,0,44.0,10.0,,3,0,309,166.0,9.0,28,13,89.0,71.0,8.0,41,10,18,11.0,2.0,5,1,513.0,629.0,29.0,62,22,2.0,16.0,,3,0,6.0,52.0,9.0,9,1,91.0,76.0,1.0,18,4,105.0,153.0,29.0,27,6,7465,6763.0,196.0,546,461,89.0,76,4.0,13,5,20114,18357.0,517.0,1325,1179,6.0,8.0,,4,0
OHIO,18,,,,6,0,,,,3,0,3.0,,0,0,3.0,2.0,,3,0,6.0,4.0,,2,0,,,,0,0,177,203.0,12.0,24,9,298.0,21.0,23,0,45.0,138.0,10.0,19,7,227,179.0,6.0,25,10,6.0,5.0,,2,0,44.0,10.0,,3,0,315,175.0,9.0,28,13,94.0,81.0,10.0,41,10,19,13.0,2.0,5,1,532.0,654.0,25.0,62,22,2.0,16.0,,3,0,6.0,56.0,4.0,9,1,98.0,78.0,2.0,18,4,110.0,159.0,7.0,29,6,7904,7221.0,237.0,546,461,94.0,80,5.0,13,5,21291,19640.0,612.0,1325,1177,6.0,9.0,1.0,4,0
OHIO,19,,,,6,0,,,,3,0,3.0,,0,0,3.0,2.0,,3,0,6.0,4.0,,2,0,,,,0,0,188,223.0,21.0,24,9,322.0,23.0,23,0,46.0,149.0,11.0,19,7,244,197.0,18.0,25,10,7.0,6.0,1.0,2,0,44.0,17.0,7.0,3,0,332,186.0,11.0,28,13,108.0,89.0,8.0,41,10,19,17.0,4.0,5,1,556.0,695.0,41.0,62,23,2.0,17.0,1.0,3,0,8.0,58.0,2.0,9,1,106.0,83.0,5.0,18,4,116.0,171.0,12.0,29,6,8349,7654.0,236.0,546,467,101.0,82,7.0,13,5,22438,20814.0,602.0,1325,1170,6.0,9.0,,4,0
OHIO,20,,,,6,0,,,,3,0,3.0,,0,0,4.0,2.0,,3,0,6.0,5.0,1.0,2,0,,1.0,1.0,0,0,192,230.0,7.0,24,9,344.0,22.0,23,0,51.0,157.0,9.0,19,7,251,207.0,10.0,25,10,7.0,6.0,,2,0,46.0,18.0,1.0,7,0,350,195.0,9.0,28,12,116.0,91.0,3.0,41,10,20,18.0,1.0,5,1,574.0,724.0,28.0,62,23,2.0,16.0,,3,0,10.0,63.0,5.0,9,1,108.0,88.0,3.0,18,4,128.0,179.0,8.0,29,6,8736,8127.0,260.0,546,470,108.0,90,7.0,13,5,23563,22081.0,667.0,1325,1179,6.0,9.0,,4,0
OHIO,21,,,,6,0,,,,3,0,3.0,,0,0,4.0,4.0,1.0,3,0,6.0,4.0,,2,0,,1.0,,1,0,199,239.0,9.0,24,9,386.0,40.0,23,0,57.0,165.0,10.0,19,7,257,219.0,12.0,25,10,8.0,6.0,,2,0,46.0,18.0,,7,0,358,209.0,14.0,28,12,127.0,95.0,4.0,41,10,22,19.0,1.0,5,1,594.0,747.0,23.0,62,23,2.0,17.0,1.0,3,0,10.0,68.0,5.0,9,1,118.0,92.0,1.0,18,4,132.0,181.0,2.0,29,6,9230,8526.0,179.0,546,471,114.0,94,6.0,13,5,24784,23107.0,459.0,1325,1182,6.0,10.0,1.0,4,0
OHIO,22,,,,6,0,,,,3,0,3.0,,0,0,5.0,4.0,,3,0,6.0,4.0,,2,0,,1.0,,1,0,209,239.0,,24,9,386.0,,40,0,61.0,165.0,,19,7,264,219.0,,25,10,8.0,6.0,,2,0,47.0,18.0,,7,0,371,209.0,,28,12,142.0,95.0,,41,9,22,19.0,,5,1,615.0,747.0,,62,23,2.0,17.0,,3,0,13.0,68.0,,9,1,120.0,92.0,,18,4,148.0,181.0,,29,6,9644,8526.0,,546,466,114.0,98,,13,5,25756,23107.0,,1325,1179,6.0,10.0,,4,0
OHIO,22,,,,6,0,,,,3,0,3.0,,0,0,5.0,4.0,,3,0,6.0,4.0,,2,0,,1.0,,1,0,209,239.0,,24,9,386.0,,40,0,61.0,165.0,,19,7,264,219.0,,25,10,8.0,6.0,,2,0,47.0,18.0,,7,0,371,209.0,,28,12,142.0,95.0,,41,9,22,19.0,,5,1,40.0,31.0,,4,1,1.0,2.0,,1,0,13.0,68.0,,9,1,120.0,92.0,,18,4,148.0,181.0,,29,6,9644,8526.0,,546,466,114.0,98,,13,5,25756,23107.0,,1325,1179,6.0,10.0,,4,0
OHIO,23,,,,6,0,,,,3,0,3.0,,0,0,5.0,4.0,,3,0,6.0,6.0,2.0,2,0,,1.0,,1,0,217,256.0,12.0,24,9,386.0,,40,0,70.0,179.0,6.0,19,8,272,244.0,16.0,25,10,8.0,6.0,,2,0,49.0,18.0,,7,0,385,224.0,12.0,28,12,157.0,128.0,24.0,41,9,22,20.0,,5,1,637.0,773.0,18.0,62,23,2.0,18.0,1.0,3,0,13.0,80.0,7.0,9,1,122.0,102.0,3.0,18,4,152.0,183.0,,29,6,10119,9105.0,267.0,546,466,119.0,102,2.0,13,5,26957,24498.0,590.0,1325,1179,6.0,10.0,,4,0
OHIO,24,,,,6,0,,,,3,0,3.0,,0,0,5.0,4.0,,3,0,6.0,7.0,1.0,2,0,,1.0,,1,0,220,261.0,5.0,24,9,471.0,45.0,40,0,72.0,204.0,23.0,19,7,280,256.0,11.0,25,10,8.0,6.0,,2,0,49.0,18.0,,7,0,403,231.0,6.0,28,12,172.0,153.0,24.0,41,9,23,23.0,3.0,5,1,658.0,789.0,15.0,62,23,2.0,18.0,,3,0,13.0,94.0,10.0,9,1,124.0,111.0,7.0,18,4,159.0,186.0,3.0,29,6,10555,9614.0,244.0,546,461,125.0,109,6.0,13,5,28133,25793.0,662.0,1325,1185,6.0,10.0,,4,0
OHIO,25,,,,6,0,,,,3,0,3.0,,0,0,5.0,4.0,,3,0,6.0,7.0,,2,0,,1.0,,1,0,221,267.0,6.0,24,9,471.0,,45,0,84.0,230.0,25.0,23,8,291,264.0,8.0,25,10,8.0,6.0,,2,0,49.0,19.0,1.0,7,0,414,236.0,5.0,28,12,181.0,190.0,37.0,41,9,24,24.0,1.0,5,1,676.0,805.0,16.0,62,23,2.0,20.0,2.0,3,0,13.0,100.0,6.0,10,1,128.0,116.0,1.0,18,4,166.0,191.0,5.0,29,6,11027,10107.0,238.0,546,461,129.0,115,4.0,13,5,29316,27054.0,595.0,1325,1193,6.0,10.0,,4,0
OHIO,26,,,,6,0,,,,3,0,3.0,,0,0,5.0,4.0,,3,0,6.0,7.0,,2,0,,1.0,,1,0,235,273.0,6.0,24,9,550.0,35.0,45,0,92.0,244.0,14.0,25,8,301,271.0,7.0,25,10,8.0,6.0,,2,0,49.0,19.0,,7,0,428,248.0,12.0,28,12,190.0,257.0,67.0,41,10,25,26.0,2.0,5,1,689.0,813.0,7.0,62,23,2.0,19.0,,3,0,13.0,124.0,23.0,10,2,132.0,121.0,3.0,18,4,171.0,206.0,15.0,29,6,11517,10539.0,215.0,546,458,133.0,120,4.0,13,5,30437,28170.0,492.0,1325,1193,10.0,10.0,,4,0
OHIO,27,,,,6,0,,,,3,0,3.0,,0,0,7.0,4.0,,3,0,6.0,7.0,,2,0,,1.0,,1,0,241,275.0,3.0,24,9,597.0,44.0,45,5,94.0,257.0,12.0,25,8,304,280.0,9.0,25,10,8.0,6.0,,2,0,50.0,20.0,1.0,7,0,447,264.0,16.0,28,12,218.0,304.0,45.0,68,10,27,26.0,,5,1,702.0,818.0,8.0,62,23,2.0,20.0,1.0,3,0,13.0,145.0,20.0,23,2,145.0,122.0,1.0,18,4,173.0,206.0,,29,6,11915,10979.0,180.0,546,455,136.0,123,3.0,13,5,31330,29261.0,429.0,1325,1195,10.0,15.0,5.0,4,0
OHIO,28,,,,6,0,,,,3,0,3.0,,0,0,8.0,5.0,1.0,3,0,6.0,7.0,,2,0,,1.0,,1,0,241,280.0,5.0,24,9,638.0,41.0,45,10,104.0,272.0,17.0,25,8,315,293.0,13.0,25,10,8.0,7.0,1.0,2,0,50.0,21.0,1.0,7,0,473,280.0,16.0,28,12,259.0,347.0,43.0,68,10,27,28.0,2.0,5,1,711.0,832.0,14.0,62,23,2.0,21.0,1.0,3,0,14.0,169.0,24.0,23,2,163.0,126.0,1.0,18,4,182.0,233.0,27.0,29,6,12410,11383.0,229.0,546,455,139.0,128,3.0,13,5,32552,30394.0,622.0,1325,1201,10.0,16.0,1.0,5,0
OHIO,29,,,,6,0,,1.0,1.0,3,0,3.0,,0,0,8.0,5.0,,3,0,6.0,8.0,1.0,2,0,,1.0,,1,0,243,284.0,4.0,24,9,684.0,47.0,45,11,114.0,301.0,29.0,25,8,324,299.0,8.0,25,10,8.0,7.0,,2,0,50.0,22.0,1.0,7,0,485,292.0,12.0,28,12,284.0,375.0,28.0,68,10,29,28.0,,5,1,721.0,843.0,11.0,62,23,2.0,22.0,1.0,3,0,17.0,199.0,31.0,24,2,165.0,134.0,1.0,15,4,205.0,243.0,10.0,29,6,12923,11845.0,231.0,546,455,143.0,133,4.0,13,5,33786,31534.0,582.0,1325,1197,10.0,17.0,,5,0
OHIO,30,1.0,2.0,,6,0,1.0,,,3,0,3.0,,0,0,8.0,5.0,,3,0,6.0,8.0,,2,0,,1.0,,1,0,246,284.0,,24,9,684.0,,47,12,133.0,301.0,,29,8,341,299.0,,25,10,8.0,7.0,,2,0,50.0,22.0,,7,0,500,292.0,,28,12,320.0,375.0,,68,10,32,28.0,,5,1,732.0,843.0,,62,23,2.0,22.0,,3,0,17.0,199.0,,31,2,168.0,134.0,,15,4,209.0,243.0,,29,6,13414,11845.0,,546,449,143.0,134,,13,5,35060,31534.0,,1325,1186,11.0,17.0,,5,0
OHIO,31,1.0,2.0,,6,0,2.0,,,3,0,3.0,,0,0,11.0,7.0,2.0,3,0,7.0,8.0,,2,0,,1.0,,1,0,251,291.0,7.0,24,9,797.0,54.0,57,13,140.0,338.0,17.0,30,8,361,314.0,10.0,25,10,8.0,7.0,,2,0,50.0,22.0,,7,0,513,309.0,10.0,28,11,333.0,399.0,11.0,68,10,35,30.0,,5,1,740.0,853.0,8.0,62,23,2.0,24.0,1.0,3,0,17.0,264.0,48.0,31,2,172.0,143.0,3.0,15,4,214.0,255.0,5.0,29,6,13905,12931.0,259.0,546,453,155.0,135,2.0,13,5,36337,34080.0,611.0,1325,1189,13.0,18.0,1.0,5,0
OHIO,32,4.0,2.0,,6,0,2.0,1.0,,3,0,3.0,,0,0,13.0,9.0,2.0,2,0,7.0,9.0,1.0,2,0,,1.0,,1,0,254,295.0,6.0,24,9,796.0,,57,13,154.0,360.0,22.0,30,9,373,326.0,12.0,25,10,8.0,7.0,,2,0,50.0,22.0,,7,0,537,321.0,12.0,28,11,351.0,427.0,28.0,68,10,40,31.0,1.0,5,1,745.0,860.0,7.0,62,23,2.0,24.0,,3,0,17.0,295.0,31.0,48,2,177.0,146.0,3.0,15,4,220.0,278.0,23.0,29,6,14417,13490.0,264.0,546,451,160.0,137,5.0,13,5,37588,35396.0,609.0,1325,1181,15.0,18.0,,5,0
OHIO,33,5.0,5.0,,6,0,5.0,2.0,,3,0,3.0,,0,0,14.0,13.0,4.0,2,0,7.0,10.0,1.0,2,0,,1.0,,1,0,259,296.0,1.0,24,9,872.0,40.0,57,13,166.0,383.0,23.0,30,9,390,336.0,10.0,25,10,8.0,7.0,,2,0,50.0,22.0,,7,0,550,328.0,7.0,28,11,364.0,447.0,20.0,68,10,44,33.0,2.0,4,1,758.0,871.0,11.0,62,23,3.0,24.0,,3,0,18.0,325.0,31.0,48,3,180.0,153.0,3.0,15,4,247.0,291.0,13.0,29,6,14944,14022.0,264.0,546,459,163.0,140,4.0,13,5,38904,36676.0,600.0,1325,1181,15.0,18.0,,5,0
OHIO,34,11.0,5.0,,6,0,5.0,3.0,,2,0,3.0,,0,0,16.0,15.0,2.0,4,0,9.0,13.0,3.0,2,0,,1.0,,1,0,267,310.0,14.0,24,9,913.0,34.0,57,14,175.0,399.0,16.0,30,9,402,346.0,10.0,25,10,8.0,7.0,,2,0,50.0,22.0,,7,0,556,351.0,23.0,28,11,386.0,478.0,31.0,68,10,44,33.0,,4,1,769.0,880.0,9.0,62,23,3.0,26.0,2.0,3,0,18.0,373.0,48.0,48,3,181.0,161.0,3.0,15,4,251.0,307.0,16.0,29,6,15434,14547.0,290.0,546,459,167.0,142,4.0,13,5,40162,38077.0,714.0,1325,1181,16.0,18.0,,5,0
OHIO,34,11.0,5.0,,6,0,5.0,3.0,,2,0,3.0,,0,0,16.0,15.0,2.0,4,0,9.0,13.0,3.0,2,0,,1.0,,1,0,267,310.0,14.0,24,9,913.0,34.0,57,14,175.0,399.0,16.0,30,9,402,346.0,10.0,25,10,8.0,7.0,,2,0,50.0,22.0,,7,0,556,351.0,23.0,28,11,386.0,478.0,31.0,68,10,44,33.0,,4,1,47.0,43.0,1.0,4,1,1.0,4.0,,1,0,18.0,373.0,48.0,48,3,181.0,161.0,3.0,15,4,251.0,307.0,16.0,29,6,15434,14547.0,290.0,546,459,167.0,142,4.0,13,5,40162,38077.0,714.0,1325,1181,16.0,18.0,,5,0
OHIO,35,13.0,7.0,,3,0,7.0,7.0,,2,0,3.0,,0,0,16.0,15.0,,4,0,9.0,14.0,1.0,3,0,,1.0,,1,0,270,314.0,5.0,24,9,966.0,53.0,57,16,187.0,410.0,12.0,30,9,417,350.0,4.0,25,10,8.0,7.0,,2,0,50.0,22.0,,7,0,572,361.0,10.0,28,11,396.0,517.0,39.0,68,10,45,35.0,2.0,4,1,782.0,894.0,14.0,62,23,3.0,26.0,,3,0,21.0,426.0,53.0,48,3,185.0,170.0,3.0,15,5,270.0,319.0,12.0,29,7,15905,15063.0,250.0,546,460,170.0,145,3.0,13,5,41458,39272.0,572.0,1325,1181,16.0,18.0,,5,0
OHIO,36,16.0,10.0,,4,0,8.0,7.0,,2,0,3.0,,0,0,18.0,20.0,3.0,4,0,9.0,15.0,3.0,2,0,,1.0,,1,0,273,320.0,6.0,24,9,1001.0,35.0,57,18,195.0,414.0,6.0,30,9,432,359.0,9.0,25,10,8.0,7.0,,2,0,50.0,23.0,1.0,7,0,579,374.0,13.0,28,11,403.0,539.0,22.0,68,11,48,36.0,1.0,4,1,795.0,908.0,14.0,62,23,3.0,26.0,,3,0,21.0,468.0,42.0,53,3,188.0,181.0,6.0,15,5,278.0,325.0,6.0,29,7,16387,15627.0,258.0,546,460,175.0,150,5.0,13,5,42503,40462.0,480.0,1325,1181,16.0,18.0,,5,0
OHIO,37,18.0,17.0,,5,0,10.0,10.0,,2,0,3.0,,0,0,18.0,21.0,1.0,4,0,9.0,14.0,,2,0,,1.0,,1,0,279,333.0,13.0,24,9,1053.0,51.0,57,20,202.0,428.0,14.0,30,9,445,363.0,4.0,25,10,8.0,7.0,,2,0,51.0,23.0,,7,0,587,382.0,8.0,28,11,408.0,586.0,48.0,68,11,48,38.0,2.0,4,1,810.0,914.0,6.0,62,23,3.0,26.0,,3,0,23.0,516.0,49.0,53,3,203.0,186.0,3.0,15,5,283.0,347.0,23.0,29,6,16933,16202.0,323.0,546,462,183.0,156,8.0,13,5,43783,41761.0,706.0,1325,1182,16.0,18.0,,5,0
OHIO,38,18.0,24.0,1.0,5,0,10.0,13.0,,2,0,3.0,,0,0,18.0,21.0,,4,0,9.0,14.0,,2,0,,1.0,,1,0,287,333.0,,24,9,1053.0,,57,20,206.0,428.0,,30,9,450,363.0,,25,10,8.0,7.0,,2,0,51.0,23.0,,7,0,610,382.0,,28,11,420.0,586.0,,68,11,49,38.0,,4,1,833.0,914.0,,62,23,3.0,26.0,,3,0,24.0,516.0,,53,3,205.0,186.0,,12,5,286.0,347.0,,29,7,17447,16202.0,,537,460,183.0,160,,13,5,45044,41761.0,,1325,1181,16.0,18.0,,5,0
OHIO,39,20.0,27.0,,6,0,10.0,15.0,,4,0,3.0,,0,0,18.0,22.0,,4,0,9.0,14.0,,2,0,,1.0,,1,0,296,349.0,5.0,24,9,1141.0,44.0,57,20,218.0,459.0,14.0,30,10,454,381.0,11.0,25,10,8.0,7.0,,2,0,51.0,24.0,,7,0,627,405.0,10.0,28,11,437.0,630.0,28.0,68,11,50,43.0,2.0,4,1,854.0,938.0,12.0,62,23,3.0,26.0,,3,0,27.0,685.0,83.0,89,3,217.0,192.0,3.0,12,5,301.0,374.0,10.0,29,7,17955,17266.0,241.0,542,462,190.0,161,3.0,13,5,46344,44251.0,492.0,1325,1181,18.0,18.0,,5,0
OHIO,40,23.0,28.0,,7,0,11.0,16.0,,4,0,3.0,,0,0,20.0,23.0,1.0,4,0,9.0,14.0,,2,0,,1.0,,1,0,305,358.0,5.0,24,9,1171.0,,57,21,223.0,477.0,18.0,30,10,463,395.0,14.0,25,10,8.0,7.0,,2,0,51.0,25.0,1.0,7,0,641,415.0,6.0,28,11,448.0,680.0,45.0,68,11,50,44.0,1.0,4,1,871.0,961.0,11.0,62,23,3.0,28.0,1.0,3,0,30.0,750.0,67.0,89,4,229.0,199.0,6.0,12,5,315.0,386.0,9.0,29,7,18445,18162.0,295.0,545,463,199.0,168,9.0,13,5,47579,46204.0,660.0,1325,1184,18.0,20.0,1.0,5,0
OHIO,41,23.0,33.0,1.0,7,0,11.0,19.0,,5,0,3.0,,0,0,22.0,23.0,,4,0,9.0,17.0,3.0,2,0,,1.0,,1,0,310,370.0,12.0,24,9,1236.0,38.0,57,21,227.0,488.0,11.0,30,10,474,406.0,11.0,25,10,8.0,7.0,,2,0,52.0,25.0,,7,0,651,425.0,10.0,28,10,456.0,718.0,38.0,68,11,52,46.0,2.0,4,1,890.0,969.0,8.0,62,23,3.0,29.0,1.0,3,1,33.0,822.0,73.0,89,4,235.0,202.0,2.0,11,5,331.0,406.0,20.0,29,7,18904,18652.0,255.0,545,465,205.0,173,6.0,13,5,48791,47390.0,591.0,1325,1182,19.0,20.0,,5,0
OHIO,42,23.0,37.0,,8,0,11.0,20.0,,5,0,3.0,,0,0,22.0,27.0,2.0,5,0,9.0,16.0,1.0,2,0,,1.0,,1,0,314,380.0,11.0,24,9,1270.0,31.0,57,21,232.0,494.0,6.0,30,10,483,411.0,5.0,25,10,8.0,7.0,,2,0,52.0,26.0,1.0,7,0,663,435.0,10.0,28,10,476.0,753.0,35.0,68,11,53,46.0,,4,1,906.0,985.0,16.0,62,23,3.0,29.0,,3,1,33.0,903.0,81.0,89,5,237.0,207.0,3.0,11,5,337.0,410.0,4.0,29,7,19404,19203.0,274.0,545,465,213.0,176,8.0,13,5,50033,48715.0,605.0,1325,1183,19.0,21.0,1.0,5,0
OHIO,43,23.0,37.0,,8,0,11.0,20.0,,5,0,3.0,,0,0,22.0,28.0,1.0,5,0,9.0,18.0,2.0,2,0,,1.0,,1,0,329,386.0,6.0,24,10,1301.0,30.0,57,22,238.0,506.0,12.0,30,10,492,418.0,7.0,25,10,8.0,7.0,,2,0,52.0,28.0,2.0,7,0,674,442.0,7.0,28,10,491.0,779.0,26.0,68,11,56,46.0,,4,1,924.0,1001.0,16.0,62,23,3.0,30.0,1.0,3,1,34.0,962.0,59.0,89,5,243.0,209.0,2.0,11,5,352.0,420.0,10.0,29,7,19915,19707.0,218.0,546,465,222.0,181,9.0,13,5,51253,49884.0,516.0,1325,1188,19.0,21.0,,5,0
OHIO,44,23.0,39.0,,8,0,11.0,20.0,,5,0,3.0,,0,0,22.0,28.0,,5,0,11.0,19.0,2.0,2,0,,2.0,1.0,1,0,350,393.0,8.0,24,9,1322.0,20.0,57,22,245.0,512.0,6.0,30,10,501,427.0,9.0,25,10,9.0,7.0,,2,0,52.0,28.0,,7,0,692,459.0,18.0,28,10,530.0,795.0,16.0,68,11,59,48.0,2.0,4,1,946.0,1013.0,11.0,62,23,3.0,29.0,,3,1,34.0,1030.0,68.0,89,5,244.0,216.0,4.0,11,4,352.0,429.0,8.0,29,7,20385,20313.0,290.0,547,468,224.0,188,2.0,13,5,52399,51319.0,650.0,1325,1191,19.0,21.0,,5,0
OHIO,45,23.0,43.0,,8,0,11.0,20.0,,5,0,3.0,,0,0,22.0,28.0,,5,0,12.0,19.0,,2,0,,2.0,,1,0,353,393.0,,24,9,1322.0,,57,22,245.0,512.0,,30,10,511,427.0,,25,10,10.0,7.0,,2,0,52.0,28.0,,7,0,712,459.0,,28,10,541.0,795.0,,68,11,59,48.0,,4,1,969.0,1013.0,,62,23,3.0,29.0,,3,1,35.0,1030.0,,89,6,246.0,216.0,,11,4,359.0,429.0,,29,7,20871,20313.0,,547,466,224.0,193,,13,5,53605,51319.0,,1325,1191,21.0,21.0,,5,0
OHIO,46,23.0,44.0,,8,0,11.0,20.0,,5,0,3.0,,0,0,22.0,29.0,,5,0,12.0,19.0,,2,0,,2.0,,1,0,362,407.0,8.0,24,9,1363.0,29.0,57,22,252.0,526.0,7.0,30,10,532,460.0,22.0,25,10,10.0,7.0,,2,0,52.0,31.0,2.0,7,0,740,499.0,23.0,28,10,553.0,840.0,33.0,68,12,60,49.0,,4,1,1002.0,1048.0,17.0,62,22,3.0,31.0,1.0,3,1,38.0,1199.0,90.0,89,7,252.0,233.0,5.0,11,5,375.0,446.0,6.0,29,8,21352,21387.0,275.0,557,470,234.0,205,6.0,13,5,54786,53953.0,622.0,1325,1194,21.0,21.0,,5,0
OHIO,47,23.0,44.0,,8,0,11.0,20.0,,5,0,3.0,,0,0,22.0,29.0,,5,0,13.0,19.0,,2,0,,2.0,,1,0,375,407.0,,24,9,1363.0,,57,23,253.0,526.0,,30,10,542,460.0,,25,10,11.0,7.0,,2,0,52.0,31.0,,7,0,761,499.0,,28,10,564.0,840.0,,68,12,61,49.0,,4,1,1014.0,1048.0,,62,20,3.0,31.0,,3,1,38.0,1199.0,,90,8,253.0,233.0,,11,5,378.0,446.0,,29,7,21708,21387.0,,557,468,234.0,211,,13,5,55687,53953.0,,1325,1194,25.0,21.0,,5,0
OHIO,48,23.0,44.0,,8,0,11.0,20.0,,5,0,3.0,,0,0,22.0,29.0,,5,0,14.0,19.0,,2,0,,2.0,,1,0,389,429.0,19.0,24,9,1405.0,23.0,57,23,264.0,532.0,3.0,30,10,564,478.0,12.0,25,10,11.0,7.0,,2,0,53.0,33.0,2.0,7,0,789,526.0,22.0,28,10,577.0,869.0,28.0,68,12,61,50.0,,4,1,1052.0,1107.0,47.0,62,20,3.0,31.0,,3,1,40.0,1317.0,91.0,91,9,262.0,244.0,4.0,11,5,391.0,456.0,9.0,29,7,22210,22037.0,221.0,573,469,250.0,222,8.0,13,5,57012,55437.0,533.0,1325,1199,27.0,21.0,,5,0
OHIO,49,23.0,44.0,,8,0,11.0,20.0,,5,0,3.0,,0,0,22.0,29.0,,5,0,15.0,20.0,,2,0,,2.0,,1,0,397,444.0,14.0,24,9,1440.0,34.0,57,23,273.0,536.0,4.0,30,10,588,486.0,8.0,25,10,11.0,8.0,1.0,2,0,56.0,37.0,4.0,7,0,809,563.0,37.0,26,10,583.0,884.0,13.0,68,12,62,50.0,,4,1,1086.0,1152.0,45.0,62,20,3.0,33.0,2.0,3,1,41.0,1425.0,105.0,91,9,266.0,250.0,5.0,11,5,395.0,464.0,7.0,29,7,22710,22618.0,214.0,584,469,254.0,233,4.0,13,5,58326,56989.0,644.0,1322,1202,27.0,21.0,,5,0
OHIO,50,23.0,45.0,,9,0,11.0,20.0,,5,0,3.0,,0,0,23.0,29.0,,5,0,15.0,20.0,,2,0,,2.0,,1,0,407,456.0,11.0,24,9,1466.0,26.0,57,25,273.0,537.0,1.0,30,10,600,490.0,4.0,25,10,11.0,8.0,,2,0,56.0,38.0,1.0,7,0,835,585.0,21.0,37,10,585.0,893.0,9.0,68,12,63,52.0,2.0,4,1,1123.0,1178.0,25.0,62,20,4.0,34.0,1.0,3,1,41.0,1506.0,80.0,105,9,274.0,258.0,8.0,11,5,396.0,487.0,23.0,29,7,23172,23199.0,234.0,588,467,254.0,241,,13,5,59489,58445.0,651.0,1351,1203,28.0,21.0,,5,0
OHIO,51,23.0,45.0,,9,0,11.0,20.0,,5,0,3.0,,0,0,23.0,30.0,,5,0,15.0,19.0,,2,0,,2.0,,1,0,431,463.0,,24,9,1463.0,,57,26,279.0,536.0,,30,10,609,493.0,,25,10,11.0,8.0,,2,0,56.0,38.0,,7,0,855,592.0,,37,10,589.0,901.0,,68,12,63,51.0,,4,1,1159.0,1191.0,,62,22,4.0,32.0,,3,1,41.0,1528.0,,105,10,281.0,264.0,,11,5,398.0,490.0,,29,8,23618,23727.0,,591,469,254.0,247,,13,5,60651,59692.0,,1355,1204,28.0,21.0,,5,0
OHIO,52,23.0,45.0,,9,0,11.0,20.0,,5,0,3.0,,0,0,23.0,30.0,,5,0,16.0,20.0,,2,0,,2.0,,1,0,448,476.0,,21,9,1488.0,,57,26,280.0,541.0,,30,10,634,509.0,,25,10,11.0,8.0,,2,0,58.0,40.0,,7,1,865,621.0,,36,10,601.0,919.0,,68,13,63,52.0,,4,1,1210.0,1220.0,,62,22,6.0,33.0,,3,1,45.0,1597.0,,105,15,285.0,275.0,,11,5,423.0,497.0,,29,8,23967,24200.0,,591,473,260.0,255,,13,5,61389,60897.0,,1355,1205,28.0,21.0,,5,0
